Hourly,Consumption m3
2026-01-01 00:00:00,0.030852629322344775
2026-01-01 01:00:00,0.001524701204450905
2026-01-01 02:00:00,0.004596000302114597
2026-01-01 03:00:00,0.0039891902491236255
2026-01-01 04:00:00,0.0036177041357971624
2026-01-01 05:00:00,0.03705599932063536
2026-01-01 06:00:00,0.033831164672889
2026-01-01 07:00:00,0.26272759211896246
2026-01-01 08:00:00,0.18058451545532836
2026-01-01 09:00:00,0.22086094461182343
2026-01-01 10:00:00,0.02583247574162995
2026-01-01 11:00:00,0.039736320622356686
2026-01-01 12:00:00,0.03578982187595727
2026-01-01 13:00:00,0.04202443128536528
2026-01-01 14:00:00,0.05746721161175271
2026-01-01 15:00:00,0.046972960653382696
2026-01-01 16:00:00,0.037762948672602444
2026-01-01 17:00:00,0.03357172936203726
2026-01-01 18:00:00,0.28786508943976385
2026-01-01 19:00:00,0.23473323773456434
2026-01-01 20:00:00,0.1509970373073597
2026-01-01 21:00:00,0.27756419417128186
2026-01-01 22:00:00,0.028834333486808958
2026-01-01 23:00:00,0.03556884480612255
2026-01-02 00:00:00,0.044691719071545774
2026-01-02 01:00:00,0.0017398943864074168
2026-01-02 02:00:00,0.0019095160390175299
2026-01-02 03:00:00,0.00494560018663656
2026-01-02 04:00:00,0.0015239208639867242
2026-01-02 05:00:00,0.047730317990332796
2026-01-02 06:00:00,0.027149091883756894
2026-01-02 07:00:00,0.22410087779067997
2026-01-02 08:00:00,0.1708937205848264
2026-01-02 09:00:00,0.2927984381816877
2026-01-02 10:00:00,0.04170364071448081
2026-01-02 11:00:00,0.03668285838225652
2026-01-02 12:00:00,0.053999318480213596
2026-01-02 13:00:00,0.025998197334430446
2026-01-02 14:00:00,0.022477270877678066
2026-01-02 15:00:00,0.028018929647601235
2026-01-02 16:00:00,0.03498270797455387
2026-01-02 17:00:00,0.05325327090851169
2026-01-02 18:00:00,0.25611967548004144
2026-01-02 19:00:00,0.1753418831812917
2026-01-02 20:00:00,0.27217298636170584
2026-01-02 21:00:00,0.25476174863069945
2026-01-02 22:00:00,0.05190701464533713
2026-01-02 23:00:00,0.04442488044060221
2026-01-03 00:00:00,0.04670242877307339
2026-01-03 01:00:00,0.0018906984198947313
2026-01-03 02:00:00,0.004425523245702799
2026-01-03 03:00:00,0.003361101712249231
2026-01-03 04:00:00,0.003370801220587459
2026-01-03 05:00:00,0.02785677828312276
2026-01-03 06:00:00,0.027188951267482137
2026-01-03 07:00:00,0.21284265204622954
2026-01-03 08:00:00,0.18272227776840333
2026-01-03 09:00:00,0.21846551490261237
2026-01-03 10:00:00,0.05711363661187767
2026-01-03 11:00:00,0.03365728088679647
2026-01-03 12:00:00,0.040078500879050794
2026-01-03 13:00:00,0.05566838560924993
2026-01-03 14:00:00,0.041882672620606146
2026-01-03 15:00:00,0.05577189298454481
2026-01-03 16:00:00,0.04230471810538876
2026-01-03 17:00:00,0.028873738939632382
2026-01-03 18:00:00,0.1838204676497356
2026-01-03 19:00:00,0.2843604685335275
2026-01-03 20:00:00,0.16227030453671532
2026-01-03 21:00:00,0.2648870763229449
2026-01-03 22:00:00,0.046543019178190884
2026-01-03 23:00:00,0.039200784992255176
2026-01-04 00:00:00,0.021846288274484267
2026-01-04 01:00:00,0.0006239049383659623
2026-01-04 02:00:00,0.0033501694526515313
2026-01-04 03:00:00,0.004684071613298195
2026-01-04 04:00:00,0.004532786166814466
2026-01-04 05:00:00,0.05371308280931751
2026-01-04 06:00:00,0.036794154959354244
2026-01-04 07:00:00,0.24018283000226798
2026-01-04 08:00:00,0.2351198555958387
2026-01-04 09:00:00,0.2542113080574601
2026-01-04 10:00:00,0.04196542642805354
2026-01-04 11:00:00,0.05778905668299604
2026-01-04 12:00:00,0.029486669510474142
2026-01-04 13:00:00,0.05711117163133898
2026-01-04 14:00:00,0.05102466975775434
2026-01-04 15:00:00,0.04247584257024571
2026-01-04 16:00:00,0.05768943968661801
2026-01-04 17:00:00,0.044052931892547206
2026-01-04 18:00:00,0.2124148701876579
2026-01-04 19:00:00,0.22604589039141026
2026-01-04 20:00:00,0.2164078321146229
2026-01-04 21:00:00,0.24913989963785574
2026-01-04 22:00:00,0.02284095933762987
2026-01-04 23:00:00,0.03122770291707914
2026-01-05 00:00:00,0.03855148352614571
2026-01-05 01:00:00,4.574473460962125e-05
2026-01-05 02:00:00,0.0038690594257694455
2026-01-05 03:00:00,0.004480767433759185
2026-01-05 04:00:00,0.004789547439229408
2026-01-05 05:00:00,0.059713098854512106
2026-01-05 06:00:00,0.04274579917717641
2026-01-05 07:00:00,0.2801444681614663
2026-01-05 08:00:00,0.20549068586468794
2026-01-05 09:00:00,0.2956996529716418
2026-01-05 10:00:00,0.02094629873982434
2026-01-05 11:00:00,0.0207459890301033
2026-01-05 12:00:00,0.021034575078821303
2026-01-05 13:00:00,0.05776442416757879
2026-01-05 14:00:00,0.03587110743828574
2026-01-05 15:00:00,0.05934265405519627
2026-01-05 16:00:00,0.02949787859837878
2026-01-05 17:00:00,0.05563452713585894
2026-01-05 18:00:00,0.1647038378047958
2026-01-05 19:00:00,0.2964824455123285
2026-01-05 20:00:00,0.27384529107383654
2026-01-05 21:00:00,0.1815957797302692
2026-01-05 22:00:00,0.04689609047188879
2026-01-05 23:00:00,0.03378821962036004
2026-01-06 00:00:00,0.052715015222104866
2026-01-06 01:00:00,0.000735308384653195
2026-01-06 02:00:00,0.002393937396297951
2026-01-06 03:00:00,0.0026037338631567605
2026-01-06 04:00:00,0.00420214677414226
2026-01-06 05:00:00,0.04039198864319469
2026-01-06 06:00:00,0.053871288567281864
2026-01-06 07:00:00,0.27572010846625644
2026-01-06 08:00:00,0.29582421832590966
2026-01-06 09:00:00,0.2492936274395955
2026-01-06 10:00:00,0.03532454371031911
2026-01-06 11:00:00,0.03920578590132871
2026-01-06 12:00:00,0.052105561812367654
2026-01-06 13:00:00,0.04153043751827676
2026-01-06 14:00:00,0.05532203790201362
2026-01-06 15:00:00,0.0221566208425822
2026-01-06 16:00:00,0.046650074792898726
2026-01-06 17:00:00,0.03106644320128811
2026-01-06 18:00:00,0.19384861669425157
2026-01-06 19:00:00,0.2027382281920898
2026-01-06 20:00:00,0.21270603647725356
2026-01-06 21:00:00,0.21940960111303978
2026-01-06 22:00:00,0.05963270826791617
2026-01-06 23:00:00,0.058568028903725866
2026-01-07 00:00:00,0.04153280439672297
2026-01-07 01:00:00,0.0012130705549155596
2026-01-07 02:00:00,0.0025087618586623925
2026-01-07 03:00:00,0.003029540552851727
2026-01-07 04:00:00,0.0008919572047200042
2026-01-07 05:00:00,0.02613945649118597
2026-01-07 06:00:00,0.037195830872195204
2026-01-07 07:00:00,0.28329789763745716
2026-01-07 08:00:00,0.20853573997368216
2026-01-07 09:00:00,0.1563361724444297
2026-01-07 10:00:00,0.04878287531854612
2026-01-07 11:00:00,0.03798244241601664
2026-01-07 12:00:00,0.02353830670287225
2026-01-07 13:00:00,0.035865716737558576
2026-01-07 14:00:00,0.0439282249517948
2026-01-07 15:00:00,0.025054229938358246
2026-01-07 16:00:00,0.047035226994668194
2026-01-07 17:00:00,0.030975508454896147
2026-01-07 18:00:00,0.25444821769070014
2026-01-07 19:00:00,0.20276957653298777
2026-01-07 20:00:00,0.2551945468609595
2026-01-07 21:00:00,0.1569530476674278
2026-01-07 22:00:00,0.043765225163117316
2026-01-07 23:00:00,0.038479660253668356
2026-01-08 00:00:00,0.02574314694118915
2026-01-08 01:00:00,0.003933469264268318
2026-01-08 02:00:00,0.004093783447986352
2026-01-08 03:00:00,0.0021292277667614395
2026-01-08 04:00:00,0.003328560652028855
2026-01-08 05:00:00,0.04154437880568847
2026-01-08 06:00:00,0.029195250550677433
2026-01-08 07:00:00,0.20741546366552027
2026-01-08 08:00:00,0.17542504570202963
2026-01-08 09:00:00,0.2870385093054174
2026-01-08 10:00:00,0.03126164515196993
2026-01-08 11:00:00,0.055036858737502525
2026-01-08 12:00:00,0.0217234533121958
2026-01-08 13:00:00,0.058631213540015284
2026-01-08 14:00:00,0.027434570204074367
2026-01-08 15:00:00,0.022221653972266706
2026-01-08 16:00:00,0.05518813931295466
2026-01-08 17:00:00,0.04347898334288393
2026-01-08 18:00:00,0.1839804686564008
2026-01-08 19:00:00,0.26231184640028105
2026-01-08 20:00:00,0.2937595501642329
2026-01-08 21:00:00,0.17132850070787078
2026-01-08 22:00:00,0.035798842347938134
2026-01-08 23:00:00,0.05873833749200344
2026-01-09 00:00:00,0.059302706964301524
2026-01-09 01:00:00,0.0020335712843371203
2026-01-09 02:00:00,0.0028847518258565564
2026-01-09 03:00:00,0.0017643708886540476
2026-01-09 04:00:00,0.0018509542983867766
2026-01-09 05:00:00,0.03345647905379668
2026-01-09 06:00:00,0.029065734603889157
2026-01-09 07:00:00,0.2552951086955114
2026-01-09 08:00:00,0.2564553530511144
2026-01-09 09:00:00,0.1598202813746213
2026-01-09 10:00:00,0.05970625048029038
2026-01-09 11:00:00,0.04812157540966262
2026-01-09 12:00:00,0.059366760716773895
2026-01-09 13:00:00,0.0408983950564704
2026-01-09 14:00:00,0.02056693940927098
2026-01-09 15:00:00,0.05973599952762339
2026-01-09 16:00:00,0.046060107219697166
2026-01-09 17:00:00,0.046266375525564354
2026-01-09 18:00:00,0.20439295980783784
2026-01-09 19:00:00,0.2960095076006103
2026-01-09 20:00:00,0.2566535807989794
2026-01-09 21:00:00,0.2506010292388895
2026-01-09 22:00:00,0.0371342192270513
2026-01-09 23:00:00,0.0528727522266198
2026-01-10 00:00:00,0.020795449325775164
2026-01-10 01:00:00,0.0021144090674805817
2026-01-10 02:00:00,0.0042027030116327255
2026-01-10 03:00:00,0.000795986704355322
2026-01-10 04:00:00,0.001185735190736199
2026-01-10 05:00:00,0.05972393338673258
2026-01-10 06:00:00,0.020111373118905988
2026-01-10 07:00:00,0.2561163171318935
2026-01-10 08:00:00,0.2949638326447238
2026-01-10 09:00:00,0.2828461730119163
2026-01-10 10:00:00,0.04437967999035758
2026-01-10 11:00:00,0.031223568714792913
2026-01-10 12:00:00,0.05885388243838269
2026-01-10 13:00:00,0.02365248685211689
2026-01-10 14:00:00,0.04919967063173347
2026-01-10 15:00:00,0.034878806161233
2026-01-10 16:00:00,0.05643279994862535
2026-01-10 17:00:00,0.052972213184518335
2026-01-10 18:00:00,0.25089027390227703
2026-01-10 19:00:00,0.27378380648584044
2026-01-10 20:00:00,0.16723024928213392
2026-01-10 21:00:00,0.237757284422085
2026-01-10 22:00:00,0.055146016228660624
2026-01-10 23:00:00,0.040506435006338576
2026-01-11 00:00:00,0.04675739893970028
2026-01-11 01:00:00,0.003591809505421829
2026-01-11 02:00:00,0.001853914328574805
2026-01-11 03:00:00,0.0014192441990953585
2026-01-11 04:00:00,0.004431620203206804
2026-01-11 05:00:00,0.05499604618603626
2026-01-11 06:00:00,0.023264439253022268
2026-01-11 07:00:00,0.20598077613740942
2026-01-11 08:00:00,0.19843873613045043
2026-01-11 09:00:00,0.2279672442677433
2026-01-11 10:00:00,0.0338943025036497
2026-01-11 11:00:00,0.051186676632228326
2026-01-11 12:00:00,0.03939882929591206
2026-01-11 13:00:00,0.05915236869915581
2026-01-11 14:00:00,0.030550841459043514
2026-01-11 15:00:00,0.0378336783809889
2026-01-11 16:00:00,0.02950141425026334
2026-01-11 17:00:00,0.03093428542545948
2026-01-11 18:00:00,0.15377715757321048
2026-01-11 19:00:00,0.24000908759982753
2026-01-11 20:00:00,0.22118655848477972
2026-01-11 21:00:00,0.2886099381989002
2026-01-11 22:00:00,0.027807248853594823
2026-01-11 23:00:00,0.056022876121600354
2026-01-12 00:00:00,0.04566212034940789
2026-01-12 01:00:00,0.0007188073002383017
2026-01-12 02:00:00,0.0023797795789998995
2026-01-12 03:00:00,0.002728317476179403
2026-01-12 04:00:00,0.0023548266650874968
2026-01-12 05:00:00,0.05785463495774189
2026-01-12 06:00:00,0.05191097071105957
2026-01-12 07:00:00,0.216505341663289
2026-01-12 08:00:00,0.2104924562123835
2026-01-12 09:00:00,0.1864536397484387
2026-01-12 10:00:00,0.03296300400559227
2026-01-12 11:00:00,0.02397189382705078
2026-01-12 12:00:00,0.044483658672098955
2026-01-12 13:00:00,0.03520773480348446
2026-01-12 14:00:00,0.039790677965538784
2026-01-12 15:00:00,0.030011226823598587
2026-01-12 16:00:00,0.03937839791463036
2026-01-12 17:00:00,0.04997016104965309
2026-01-12 18:00:00,0.2962576809501912
2026-01-12 19:00:00,0.2819543561252674
2026-01-12 20:00:00,0.27787985659250447
2026-01-12 21:00:00,0.24633084386291196
2026-01-12 22:00:00,0.04525330664201106
2026-01-12 23:00:00,0.04363325058365761
2026-01-13 00:00:00,0.030954386319148708
2026-01-13 01:00:00,0.002038653651791028
2026-01-13 02:00:00,0.0005865918963474426
2026-01-13 03:00:00,0.0027807410300750147
2026-01-13 04:00:00,0.002781380870856063
2026-01-13 05:00:00,0.05876589098789545
2026-01-13 06:00:00,0.056909078028652804
2026-01-13 07:00:00,0.16115621243758796
2026-01-13 08:00:00,0.18445424305496275
2026-01-13 09:00:00,0.27283966734224174
2026-01-13 10:00:00,0.03586416473673452
2026-01-13 11:00:00,0.02152664454647487
2026-01-13 12:00:00,0.033972756715675
2026-01-13 13:00:00,0.02873247597240266
2026-01-13 14:00:00,0.023981919194806252
2026-01-13 15:00:00,0.05859681966025711
2026-01-13 16:00:00,0.022776846882091254
2026-01-13 17:00:00,0.02780950879979402
2026-01-13 18:00:00,0.15631532440916823
2026-01-13 19:00:00,0.21039779351238852
2026-01-13 20:00:00,0.18337690988216185
2026-01-13 21:00:00,0.24600951708819585
2026-01-13 22:00:00,0.03607414255626336
2026-01-13 23:00:00,0.031126380615111277
2026-01-14 00:00:00,0.05872002010344696
2026-01-14 01:00:00,0.0017126152217195561
2026-01-14 02:00:00,0.001185717282647868
2026-01-14 03:00:00,0.0016144033676564595
2026-01-14 04:00:00,0.004854401956202257
2026-01-14 05:00:00,0.05494096678738099
2026-01-14 06:00:00,0.025371123233048312
2026-01-14 07:00:00,0.2711430897039218
2026-01-14 08:00:00,0.285096399647766
2026-01-14 09:00:00,0.15918392071169002
2026-01-14 10:00:00,0.0464315017901812
2026-01-14 11:00:00,0.04674318281074884
2026-01-14 12:00:00,0.03266336125891151
2026-01-14 13:00:00,0.025955018401685494
2026-01-14 14:00:00,0.021156043416557236
2026-01-14 15:00:00,0.039647473283097825
2026-01-14 16:00:00,0.03380612447385584
2026-01-14 17:00:00,0.03464612674028949
2026-01-14 18:00:00,0.19986400687439415
2026-01-14 19:00:00,0.19391571326444906
2026-01-14 20:00:00,0.2321447350725966
2026-01-14 21:00:00,0.26879870724971766
2026-01-14 22:00:00,0.054043876131316504
2026-01-14 23:00:00,0.05063039418203988
2026-01-15 00:00:00,0.05904961705755961
2026-01-15 01:00:00,0.0022598791280202435
2026-01-15 02:00:00,0.002040814214994647
2026-01-15 03:00:00,0.0011082491886723013
2026-01-15 04:00:00,0.0010928519373078678
2026-01-15 05:00:00,0.03989425455077816
2026-01-15 06:00:00,0.02158923175421064
2026-01-15 07:00:00,0.29273323071705515
2026-01-15 08:00:00,0.24251782792011578
2026-01-15 09:00:00,0.16974050654583012
2026-01-15 10:00:00,0.04211291161472479
2026-01-15 11:00:00,0.03659652514329431
2026-01-15 12:00:00,0.04691334532021279
2026-01-15 13:00:00,0.04178726987206926
2026-01-15 14:00:00,0.05115001423217756
2026-01-15 15:00:00,0.022987942632307728
2026-01-15 16:00:00,0.021147717971131148
2026-01-15 17:00:00,0.054009639750369556
2026-01-15 18:00:00,0.2518243712798286
2026-01-15 19:00:00,0.2559316968449551
2026-01-15 20:00:00,0.21119033790758002
2026-01-15 21:00:00,0.26680011057112674
2026-01-15 22:00:00,0.02246668382135575
2026-01-15 23:00:00,0.04197852981525663
2026-01-16 00:00:00,0.028154639686485784
2026-01-16 01:00:00,0.0037923307607642055
2026-01-16 02:00:00,0.0009771140960970186
2026-01-16 03:00:00,0.004610337417801011
2026-01-16 04:00:00,0.002774056761482671
2026-01-16 05:00:00,0.05870087718172136
2026-01-16 06:00:00,0.037644394448383224
2026-01-16 07:00:00,0.22425663927655715
2026-01-16 08:00:00,0.29058825513053493
2026-01-16 09:00:00,0.28003016415907567
2026-01-16 10:00:00,0.02641824792150083
2026-01-16 11:00:00,0.02289880976649636
2026-01-16 12:00:00,0.029285539896755065
2026-01-16 13:00:00,0.020325130920537015
2026-01-16 14:00:00,0.02762780904100999
2026-01-16 15:00:00,0.027173104878888382
2026-01-16 16:00:00,0.05273501691144794
2026-01-16 17:00:00,0.02835497416368691
2026-01-16 18:00:00,0.19723825882156013
2026-01-16 19:00:00,0.24904245250482526
2026-01-16 20:00:00,0.2023134697889923
2026-01-16 21:00:00,0.1966459201902231
2026-01-16 22:00:00,0.02610173235393835
2026-01-16 23:00:00,0.03907639668679659
2026-01-17 00:00:00,0.047286399330203635
2026-01-17 01:00:00,0.0014038599336139103
2026-01-17 02:00:00,0.0020878552305952825
2026-01-17 03:00:00,0.0005704828710870424
2026-01-17 04:00:00,0.003909128537852364
2026-01-17 05:00:00,0.026291460392628183
2026-01-17 06:00:00,0.04461150325993461
2026-01-17 07:00:00,0.25408133667790145
2026-01-17 08:00:00,0.18333339799579634
2026-01-17 09:00:00,0.26189463669998847
2026-01-17 10:00:00,0.027000586701971106
2026-01-17 11:00:00,0.047330064575414756
2026-01-17 12:00:00,0.04777463588540225
2026-01-17 13:00:00,0.03161506559584293
2026-01-17 14:00:00,0.02525888552723994
2026-01-17 15:00:00,0.04660100792200805
2026-01-17 16:00:00,0.02602380089010399
2026-01-17 17:00:00,0.021882228140463655
2026-01-17 18:00:00,0.19837290308723982
2026-01-17 19:00:00,0.19007711983389364
2026-01-17 20:00:00,0.2594481694279841
2026-01-17 21:00:00,0.2937281905954139
2026-01-17 22:00:00,0.0492450818232847
2026-01-17 23:00:00,0.05693602084026615
2026-01-18 00:00:00,0.05056781585106034
2026-01-18 01:00:00,0.00016660600833005856
2026-01-18 02:00:00,0.0013699812785727577
2026-01-18 03:00:00,0.0021557595560752884
2026-01-18 04:00:00,0.0032056734351453165
2026-01-18 05:00:00,0.020120342123704914
2026-01-18 06:00:00,0.023687284650088025
2026-01-18 07:00:00,0.2729790157637698
2026-01-18 08:00:00,0.16443469534596702
2026-01-18 09:00:00,0.15897011379644072
2026-01-18 10:00:00,0.03082658938663612
2026-01-18 11:00:00,0.04564595893223677
2026-01-18 12:00:00,0.054101487741145246
2026-01-18 13:00:00,0.03840475960033635
2026-01-18 14:00:00,0.05127853886151125
2026-01-18 15:00:00,0.03963497810116498
2026-01-18 16:00:00,0.036784324004767804
2026-01-18 17:00:00,0.05022294035446474
2026-01-18 18:00:00,0.17705159341258184
2026-01-18 19:00:00,0.29677175433174685
2026-01-18 20:00:00,0.2812433614589873
2026-01-18 21:00:00,0.1536873850239495
2026-01-18 22:00:00,0.03367515123968601
2026-01-18 23:00:00,0.05271394887065389
2026-01-19 00:00:00,0.03436688633994372
2026-01-19 01:00:00,0.0027522252318125835
2026-01-19 02:00:00,0.0048843860783601605
2026-01-19 03:00:00,0.00387928689614182
2026-01-19 04:00:00,0.0036512697204993186
2026-01-19 05:00:00,0.032124715718454176
2026-01-19 06:00:00,0.03533721496875941
2026-01-19 07:00:00,0.2506482126534561
2026-01-19 08:00:00,0.28912520425881094
2026-01-19 09:00:00,0.1549022196602261
2026-01-19 10:00:00,0.057388025818324376
2026-01-19 11:00:00,0.036491303751142734
2026-01-19 12:00:00,0.04108411953528315
2026-01-19 13:00:00,0.031013217973975896
2026-01-19 14:00:00,0.02619210716483858
2026-01-19 15:00:00,0.032182461017758124
2026-01-19 16:00:00,0.02805178209927711
2026-01-19 17:00:00,0.05124374550932261
2026-01-19 18:00:00,0.2059074493407677
2026-01-19 19:00:00,0.24088016055342268
2026-01-19 20:00:00,0.161847847051332
2026-01-19 21:00:00,0.1528804283975142
2026-01-19 22:00:00,0.04913938074445298
2026-01-19 23:00:00,0.0267022683281568
2026-01-20 00:00:00,0.035933413928523644
2026-01-20 01:00:00,0.0006364386035947156
2026-01-20 02:00:00,0.003062027424340357
2026-01-20 03:00:00,0.0028784499785896394
2026-01-20 04:00:00,0.001865518982949237
2026-01-20 05:00:00,0.022164194546551483
2026-01-20 06:00:00,0.03706360657072114
2026-01-20 07:00:00,0.19231469175414873
2026-01-20 08:00:00,0.19217805540012728
2026-01-20 09:00:00,0.2934002250596893
2026-01-20 10:00:00,0.03650546744683253
2026-01-20 11:00:00,0.05234886766921029
2026-01-20 12:00:00,0.0441347102991327
2026-01-20 13:00:00,0.05250713876865276
2026-01-20 14:00:00,0.037044341085072964
2026-01-20 15:00:00,0.028368690088658156
2026-01-20 16:00:00,0.052758378777218284
2026-01-20 17:00:00,0.04734593251217102
2026-01-20 18:00:00,0.29833681108025545
2026-01-20 19:00:00,0.2328193287449975
2026-01-20 20:00:00,0.18396570998439848
2026-01-20 21:00:00,0.215539363977132
2026-01-20 22:00:00,0.0451577136655434
2026-01-20 23:00:00,0.04678438496006936
2026-01-21 00:00:00,0.0511878009708368
2026-01-21 01:00:00,0.00019886262715960168
2026-01-21 02:00:00,0.003070357113402731
2026-01-21 03:00:00,0.0043498453797442055
2026-01-21 04:00:00,0.0006973414950573803
2026-01-21 05:00:00,0.024818970648396506
2026-01-21 06:00:00,0.039156894834359066
2026-01-21 07:00:00,0.20754583313372543
2026-01-21 08:00:00,0.2541497404050109
2026-01-21 09:00:00,0.17153824316682886
2026-01-21 10:00:00,0.030485359169281117
2026-01-21 11:00:00,0.05059522810157613
2026-01-21 12:00:00,0.03139541414709193
2026-01-21 13:00:00,0.030967474437138508
2026-01-21 14:00:00,0.05336887956522811
2026-01-21 15:00:00,0.028998825315895017
2026-01-21 16:00:00,0.03500629795218212
2026-01-21 17:00:00,0.05211350556966729
2026-01-21 18:00:00,0.29089869185342576
2026-01-21 19:00:00,0.19108833028756922
2026-01-21 20:00:00,0.21426977163921695
2026-01-21 21:00:00,0.286122122728108
2026-01-21 22:00:00,0.05283257436461472
2026-01-21 23:00:00,0.02547548933072681
2026-01-22 00:00:00,0.027146135420857705
2026-01-22 01:00:00,0.0033109308314270675
2026-01-22 02:00:00,0.0018737646936407566
2026-01-22 03:00:00,0.004830115672393816
2026-01-22 04:00:00,0.003665664000961621
2026-01-22 05:00:00,0.0459777309685267
2026-01-22 06:00:00,0.04186553951366469
2026-01-22 07:00:00,0.2577896485956831
2026-01-22 08:00:00,0.16985074109299647
2026-01-22 09:00:00,0.2731731796764179
2026-01-22 10:00:00,0.03590084142654472
2026-01-22 11:00:00,0.04159239983182553
2026-01-22 12:00:00,0.04749279938418726
2026-01-22 13:00:00,0.03607252858748636
2026-01-22 14:00:00,0.04293423728008203
2026-01-22 15:00:00,0.025195386625238236
2026-01-22 16:00:00,0.0453271025169522
2026-01-22 17:00:00,0.029982039289456225
2026-01-22 18:00:00,0.20918280940548753
2026-01-22 19:00:00,0.2717186280173152
2026-01-22 20:00:00,0.15046091404744882
2026-01-22 21:00:00,0.22292103153596385
2026-01-22 22:00:00,0.023012422361129877
2026-01-22 23:00:00,0.05439157220871274
2026-01-23 00:00:00,0.05960651606703918
2026-01-23 01:00:00,0.00050707594762602
2026-01-23 02:00:00,0.0035869247742723737
2026-01-23 03:00:00,0.0017006493330326868
2026-01-23 04:00:00,0.002880473145362115
2026-01-23 05:00:00,0.044165476836113486
2026-01-23 06:00:00,0.05704472200736713
2026-01-23 07:00:00,0.22109843988264297
2026-01-23 08:00:00,0.15624514910733617
2026-01-23 09:00:00,0.28617247112699584
2026-01-23 10:00:00,0.03679770619169159
2026-01-23 11:00:00,0.05247390292454529
2026-01-23 12:00:00,0.035455855480545376
2026-01-23 13:00:00,0.04448370798460506
2026-01-23 14:00:00,0.05731766447812024
2026-01-23 15:00:00,0.05869421587053482
2026-01-23 16:00:00,0.045178099706455935
2026-01-23 17:00:00,0.028832337879380016
2026-01-23 18:00:00,0.1805930871126809
2026-01-23 19:00:00,0.20988024733202748
2026-01-23 20:00:00,0.23396668735914128
2026-01-23 21:00:00,0.18420942678420316
2026-01-23 22:00:00,0.0558865513141468
2026-01-23 23:00:00,0.045323213452293024
2026-01-24 00:00:00,0.0430586147192802
2026-01-24 01:00:00,0.002841198245857906
2026-01-24 02:00:00,0.003654997839086781
2026-01-24 03:00:00,0.0027966446376008116
2026-01-24 04:00:00,0.0035301238143139995
2026-01-24 05:00:00,0.021193257340082466
2026-01-24 06:00:00,0.032607627874763755
2026-01-24 07:00:00,0.16092271846947592
2026-01-24 08:00:00,0.22401141640667227
2026-01-24 09:00:00,0.2699531066466977
2026-01-24 10:00:00,0.04610814229818349
2026-01-24 11:00:00,0.04158119077543558
2026-01-24 12:00:00,0.039526913396075385
2026-01-24 13:00:00,0.05696223140630595
2026-01-24 14:00:00,0.035091407591304
2026-01-24 15:00:00,0.0413117309850788
2026-01-24 16:00:00,0.025584069879963103
2026-01-24 17:00:00,0.05828447503272542
2026-01-24 18:00:00,0.22478247628775117
2026-01-24 19:00:00,0.19716794092004228
2026-01-24 20:00:00,0.24096576907150186
2026-01-24 21:00:00,0.1792025832813456
2026-01-24 22:00:00,0.0407934167097445
2026-01-24 23:00:00,0.02499534899923036
2026-01-25 00:00:00,0.037248856285792956
2026-01-25 01:00:00,0.003537996176276266
2026-01-25 02:00:00,0.0022722184719457168
2026-01-25 03:00:00,0.0004999058321349737
2026-01-25 04:00:00,0.00041765552686906185
2026-01-25 05:00:00,0.021017083280622177
2026-01-25 06:00:00,0.05367322555812648
2026-01-25 07:00:00,0.16726079708333075
2026-01-25 08:00:00,0.2416442280245416
2026-01-25 09:00:00,0.28109557908213334
2026-01-25 10:00:00,0.030045071422741973
2026-01-25 11:00:00,0.04800351210618917
2026-01-25 12:00:00,0.041808778790234216
2026-01-25 13:00:00,0.02739451968999899
2026-01-25 14:00:00,0.029347923258476516
2026-01-25 15:00:00,0.057657225172717375
2026-01-25 16:00:00,0.0384374705752514
2026-01-25 17:00:00,0.02600964239108342
2026-01-25 18:00:00,0.22609238456853928
2026-01-25 19:00:00,0.2722447599131738
2026-01-25 20:00:00,0.22733934362216177
2026-01-25 21:00:00,0.24136329540837093
2026-01-25 22:00:00,0.041949823434729916
2026-01-25 23:00:00,0.03197651586311706
2026-01-26 00:00:00,0.04940794604737547
2026-01-26 01:00:00,0.004623442200298252
2026-01-26 02:00:00,0.0034567566282255983
2026-01-26 03:00:00,0.004574591420225622
2026-01-26 04:00:00,0.00027485018327393643
2026-01-26 05:00:00,0.021817002395187246
2026-01-26 06:00:00,0.05366613700669158
2026-01-26 07:00:00,0.20933909603809192
2026-01-26 08:00:00,0.27290651895860496
2026-01-26 09:00:00,0.2084637267883106
2026-01-26 10:00:00,0.028226170804555757
2026-01-26 11:00:00,0.02755295321437116
2026-01-26 12:00:00,0.05008887794092786
2026-01-26 13:00:00,0.03438507978139882
2026-01-26 14:00:00,0.03182768585456981
2026-01-26 15:00:00,0.04984915718909487
2026-01-26 16:00:00,0.030875943610894553
2026-01-26 17:00:00,0.03599446594559157
2026-01-26 18:00:00,0.29551045143153537
2026-01-26 19:00:00,0.27485603495116756
2026-01-26 20:00:00,0.19677843317704072
2026-01-26 21:00:00,0.2446049744686778
2026-01-26 22:00:00,0.0210179507222072
2026-01-26 23:00:00,0.029640185841343984
2026-01-27 00:00:00,0.048739166854826314
2026-01-27 01:00:00,0.0020826789406089585
2026-01-27 02:00:00,0.0032138467540973
2026-01-27 03:00:00,0.0042182490196029125
2026-01-27 04:00:00,0.0006218666749432683
2026-01-27 05:00:00,0.028603432860944786
2026-01-27 06:00:00,0.020629987714755424
2026-01-27 07:00:00,0.17553789519599805
2026-01-27 08:00:00,0.15216358306323774
2026-01-27 09:00:00,0.1533924745101907
2026-01-27 10:00:00,0.05002295814475406
2026-01-27 11:00:00,0.029241157889843754
2026-01-27 12:00:00,0.02228900674677766
2026-01-27 13:00:00,0.059691753509939785
2026-01-27 14:00:00,0.02036466873788607
2026-01-27 15:00:00,0.03231261238690699
2026-01-27 16:00:00,0.050005156631675596
2026-01-27 17:00:00,0.029509531781063147
2026-01-27 18:00:00,0.26835931764918153
2026-01-27 19:00:00,0.1608323500680237
2026-01-27 20:00:00,0.22143221524420081
2026-01-27 21:00:00,0.2027454984959614
2026-01-27 22:00:00,0.03465227828578281
2026-01-27 23:00:00,0.05155706385085662
2026-01-28 00:00:00,0.052876228189102245
2026-01-28 01:00:00,0.0006094087297003397
2026-01-28 02:00:00,0.003366238487465563
2026-01-28 03:00:00,0.0023517978089335994
2026-01-28 04:00:00,0.0019252364914306654
2026-01-28 05:00:00,0.02628347765417356
2026-01-28 06:00:00,0.025018300406792236
2026-01-28 07:00:00,0.1976556623916334
2026-01-28 08:00:00,0.2665863643725087
2026-01-28 09:00:00,0.1573192482532162
2026-01-28 10:00:00,0.029467140716812064
2026-01-28 11:00:00,0.03456936702278588
2026-01-28 12:00:00,0.05673644487413926
2026-01-28 13:00:00,0.050609454626019526
2026-01-28 14:00:00,0.05576707853087218
2026-01-28 15:00:00,0.03214111303133223
2026-01-28 16:00:00,0.02572811791669698
2026-01-28 17:00:00,0.05174319166082916
2026-01-28 18:00:00,0.2098555132735654
2026-01-28 19:00:00,0.20271112713471423
2026-01-28 20:00:00,0.22237659798042592
2026-01-28 21:00:00,0.25480625221895403
2026-01-28 22:00:00,0.053300190604845615
2026-01-28 23:00:00,0.033922611649200914
2026-01-29 00:00:00,0.0545829967556653
2026-01-29 01:00:00,5.4960776231184895e-05
2026-01-29 02:00:00,6.747011995582142e-05
2026-01-29 03:00:00,0.003411414180701753
2026-01-29 04:00:00,0.00449336385174144
2026-01-29 05:00:00,0.050647551125598954
2026-01-29 06:00:00,0.050323134353485274
2026-01-29 07:00:00,0.2637014719844953
2026-01-29 08:00:00,0.23235694047425642
2026-01-29 09:00:00,0.16553987383005642
2026-01-29 10:00:00,0.02551909829000222
2026-01-29 11:00:00,0.021151097793004708
2026-01-29 12:00:00,0.03834362721462152
2026-01-29 13:00:00,0.024201404473478967
2026-01-29 14:00:00,0.0549087984078528
2026-01-29 15:00:00,0.04764729053889889
2026-01-29 16:00:00,0.04308045345085092
2026-01-29 17:00:00,0.0356825296405011
2026-01-29 18:00:00,0.19194021772275904
2026-01-29 19:00:00,0.241786968425505
2026-01-29 20:00:00,0.2655445373443859
2026-01-29 21:00:00,0.2718610575273033
2026-01-29 22:00:00,0.028820037419959428
2026-01-29 23:00:00,0.03758210649567384
2026-01-30 00:00:00,0.020494925580026486
2026-01-30 01:00:00,0.004079422158681394
2026-01-30 02:00:00,0.0002641001538078891
2026-01-30 03:00:00,0.00184359591465852
2026-01-30 04:00:00,0.0035807024914296217
2026-01-30 05:00:00,0.030244002097699375
2026-01-30 06:00:00,0.0407655595477362
2026-01-30 07:00:00,0.2103002304963239
2026-01-30 08:00:00,0.27671148197798084
2026-01-30 09:00:00,0.1859615585389166
2026-01-30 10:00:00,0.052952850796473244
2026-01-30 11:00:00,0.026136196923509408
2026-01-30 12:00:00,0.035471012372313065
2026-01-30 13:00:00,0.048498512990108794
2026-01-30 14:00:00,0.024468075864493795
2026-01-30 15:00:00,0.05253967488545673
2026-01-30 16:00:00,0.0374792396844006
2026-01-30 17:00:00,0.02285125410027206
2026-01-30 18:00:00,0.202038061687207
2026-01-30 19:00:00,0.27924933160166526
2026-01-30 20:00:00,0.22319596722837987
2026-01-30 21:00:00,0.1758631660470632
2026-01-30 22:00:00,0.021517355774516668
2026-01-30 23:00:00,0.057414173163152366
2026-01-31 00:00:00,0.053019606084405924
2026-01-31 01:00:00,9.147774639795603e-05
2026-01-31 02:00:00,0.004068723945501608
2026-01-31 03:00:00,1.8653285932840324e-06
2026-01-31 04:00:00,0.004756544565890307
2026-01-31 05:00:00,0.058396227557553845
2026-01-31 06:00:00,0.05482869417634584
2026-01-31 07:00:00,0.2533819816844483
2026-01-31 08:00:00,0.21055711208848596
2026-01-31 09:00:00,0.2745396026594326
2026-01-31 10:00:00,0.052264192055314185
2026-01-31 11:00:00,0.054601008069582124
2026-01-31 12:00:00,0.05472219339378796
2026-01-31 13:00:00,0.028442405477386835
2026-01-31 14:00:00,0.05368316806375871
2026-01-31 15:00:00,0.02359643435041083
2026-01-31 16:00:00,0.050480961842843765
2026-01-31 17:00:00,0.0522223687543521
2026-01-31 18:00:00,0.26795670838770147
2026-01-31 19:00:00,0.17930107043225463
2026-01-31 20:00:00,0.2870817315771297
2026-01-31 21:00:00,0.29207300741071374
2026-01-31 22:00:00,0.057497111898430445
2026-01-31 23:00:00,0.02722600354031456
2026-02-01 00:00:00,0.028841280685175864
2026-02-01 01:00:00,0.002203801314344584
2026-02-01 02:00:00,0.0013967639852352786
2026-02-01 03:00:00,0.00015598792460118694
2026-02-01 04:00:00,0.0012451781536445556
2026-02-01 05:00:00,0.05917257851776629
2026-02-01 06:00:00,0.055318959068048484
2026-02-01 07:00:00,0.2083540483951071
2026-02-01 08:00:00,0.16490133073909272
2026-02-01 09:00:00,0.18715756015674995
2026-02-01 10:00:00,0.020540554849143605
2026-02-01 11:00:00,0.05644007459289395
2026-02-01 12:00:00,0.041238960282834636
2026-02-01 13:00:00,0.0578484507998126
2026-02-01 14:00:00,0.021008365082199863
2026-02-01 15:00:00,0.044622287566183486
2026-02-01 16:00:00,0.02916459546557487
2026-02-01 17:00:00,0.026829590811940345
2026-02-01 18:00:00,0.2633284504986674
2026-02-01 19:00:00,0.22079026265217705
2026-02-01 20:00:00,0.23879307588527832
2026-02-01 21:00:00,0.2797009289497282
2026-02-01 22:00:00,0.05557816087915425
2026-02-01 23:00:00,0.05677607982992901
2026-02-02 00:00:00,0.02187821378150864
2026-02-02 01:00:00,0.002307914610201605
2026-02-02 02:00:00,0.004894667052096618
2026-02-02 03:00:00,0.00017381261988785702
2026-02-02 04:00:00,0.002360579691060844
2026-02-02 05:00:00,0.05946563731916979
2026-02-02 06:00:00,0.054528203724282326
2026-02-02 07:00:00,0.21289283730169462
2026-02-02 08:00:00,0.2074718018911882
2026-02-02 09:00:00,0.15615541489995144
2026-02-02 10:00:00,0.024877722879993014
2026-02-02 11:00:00,0.052728996151886434
2026-02-02 12:00:00,0.04321058640095965
2026-02-02 13:00:00,0.058350571945369925
2026-02-02 14:00:00,0.03488783388148936
2026-02-02 15:00:00,0.03017659178000971
2026-02-02 16:00:00,0.03247375937326602
2026-02-02 17:00:00,0.048094151092006585
2026-02-02 18:00:00,0.1834470173025896
2026-02-02 19:00:00,0.2586375286311001
2026-02-02 20:00:00,0.2588891420892214
2026-02-02 21:00:00,0.21808093655770608
2026-02-02 22:00:00,0.021298797122496042
2026-02-02 23:00:00,0.038741027285393886
2026-02-03 00:00:00,0.027489006850849707
2026-02-03 01:00:00,0.0025964525308278343
2026-02-03 02:00:00,0.00042347053149042026
2026-02-03 03:00:00,0.004000557685083585
2026-02-03 04:00:00,0.003828738297955161
2026-02-03 05:00:00,0.02981779421290095
2026-02-03 06:00:00,0.0341170816860619
2026-02-03 07:00:00,0.297092245575603
2026-02-03 08:00:00,0.29131425823750845
2026-02-03 09:00:00,0.2539288962300824
2026-02-03 10:00:00,0.05897176432215452
2026-02-03 11:00:00,0.05540961344334118
2026-02-03 12:00:00,0.04062452419549784
2026-02-03 13:00:00,0.05810757096302781
2026-02-03 14:00:00,0.044956567051399124
2026-02-03 15:00:00,0.044262640821766466
2026-02-03 16:00:00,0.04850157069301735
2026-02-03 17:00:00,0.02792832743533618
2026-02-03 18:00:00,0.20639169654627154
2026-02-03 19:00:00,0.21681675830507363
2026-02-03 20:00:00,0.2657873052692981
2026-02-03 21:00:00,0.23800418257434725
2026-02-03 22:00:00,0.05979496340561294
2026-02-03 23:00:00,0.05950130954092474
2026-02-04 00:00:00,0.054145388004117986
2026-02-04 01:00:00,0.004212044675519798
2026-02-04 02:00:00,0.0040496546741611615
2026-02-04 03:00:00,0.0017107442033574229
2026-02-04 04:00:00,0.0032862307411307945
2026-02-04 05:00:00,0.05830344387292753
2026-02-04 06:00:00,0.03761515574352736
2026-02-04 07:00:00,0.2674761464433315
2026-02-04 08:00:00,0.21227301566616824
2026-02-04 09:00:00,0.19432935588314426
2026-02-04 10:00:00,0.05171532051555941
2026-02-04 11:00:00,0.050208609969945944
2026-02-04 12:00:00,0.024196886611818083
2026-02-04 13:00:00,0.0442442650591449
2026-02-04 14:00:00,0.029887385668256446
2026-02-04 15:00:00,0.025466001123463523
2026-02-04 16:00:00,0.04155636182856868
2026-02-04 17:00:00,0.0346742865428809
2026-02-04 18:00:00,0.15005165025930584
2026-02-04 19:00:00,0.2631530599715036
2026-02-04 20:00:00,0.2651815431364739
2026-02-04 21:00:00,0.18663068487066303
2026-02-04 22:00:00,0.05845069837649847
2026-02-04 23:00:00,0.03185725275706944
2026-02-05 00:00:00,0.046451747909256665
2026-02-05 01:00:00,0.0011323400581773214
2026-02-05 02:00:00,0.0041089271166241444
2026-02-05 03:00:00,0.0009986779890472325
2026-02-05 04:00:00,0.0024330519769929014
2026-02-05 05:00:00,0.055903287497977974
2026-02-05 06:00:00,0.05322346685463704
2026-02-05 07:00:00,0.20058385719656496
2026-02-05 08:00:00,0.25019271531386295
2026-02-05 09:00:00,0.15532135003684772
2026-02-05 10:00:00,0.031157890185109303
2026-02-05 11:00:00,0.04130985181286272
2026-02-05 12:00:00,0.054208026905890036
2026-02-05 13:00:00,0.022901459493500306
2026-02-05 14:00:00,0.03112689769468274
2026-02-05 15:00:00,0.026107874919332003
2026-02-05 16:00:00,0.04147598655728424
2026-02-05 17:00:00,0.03182327897539314
2026-02-05 18:00:00,0.19453074181214658
2026-02-05 19:00:00,0.21257064149169316
2026-02-05 20:00:00,0.2603476675154109
2026-02-05 21:00:00,0.153875482421214
2026-02-05 22:00:00,0.020713111910248876
2026-02-05 23:00:00,0.05047401508877837
2026-02-06 00:00:00,0.04264527176154738
2026-02-06 01:00:00,0.0019812047561654023
2026-02-06 02:00:00,0.003172863907423027
2026-02-06 03:00:00,0.004179127879144506
2026-02-06 04:00:00,0.0007134446834348118
2026-02-06 05:00:00,0.03237764963579194
2026-02-06 06:00:00,0.021764509466031624
2026-02-06 07:00:00,0.18318083211832986
2026-02-06 08:00:00,0.29694765452788097
2026-02-06 09:00:00,0.26315803391876486
2026-02-06 10:00:00,0.043497229335641194
2026-02-06 11:00:00,0.05240951487436325
2026-02-06 12:00:00,0.029494614610479204
2026-02-06 13:00:00,0.03962393651678207
2026-02-06 14:00:00,0.03245379438986611
2026-02-06 15:00:00,0.03464074860740682
2026-02-06 16:00:00,0.03520459437557724
2026-02-06 17:00:00,0.02231270466740477
2026-02-06 18:00:00,0.1566836859376302
2026-02-06 19:00:00,0.15038343157882755
2026-02-06 20:00:00,0.26777458953699596
2026-02-06 21:00:00,0.15813952802112582
2026-02-06 22:00:00,0.022926948029501005
2026-02-06 23:00:00,0.03257474157832897
2026-02-07 00:00:00,0.044669893313266595
2026-02-07 01:00:00,0.0022038640471131357
2026-02-07 02:00:00,0.0018805577451171552
2026-02-07 03:00:00,0.000559761927776033
2026-02-07 04:00:00,0.004361916378280638
2026-02-07 05:00:00,0.05948593875413062
2026-02-07 06:00:00,0.05207587450724627
2026-02-07 07:00:00,0.24035454928842598
2026-02-07 08:00:00,0.2657493698605786
2026-02-07 09:00:00,0.25972526108130534
2026-02-07 10:00:00,0.03371135468456858
2026-02-07 11:00:00,0.03665876595471601
2026-02-07 12:00:00,0.037542068584527744
2026-02-07 13:00:00,0.03191272727736791
2026-02-07 14:00:00,0.058157568398821816
2026-02-07 15:00:00,0.048530774599556806
2026-02-07 16:00:00,0.025522781731301212
2026-02-07 17:00:00,0.023112891975037127
2026-02-07 18:00:00,0.15069635147331484
2026-02-07 19:00:00,0.209967714294759
2026-02-07 20:00:00,0.2971073616182268
2026-02-07 21:00:00,0.2554694782793989
2026-02-07 22:00:00,0.025013612080060126
2026-02-07 23:00:00,0.0304500244989685
2026-02-08 00:00:00,0.049940147342220215
2026-02-08 01:00:00,0.002262426316613673
2026-02-08 02:00:00,0.002354039155193531
2026-02-08 03:00:00,0.0013109564430023918
2026-02-08 04:00:00,0.002857588674123898
2026-02-08 05:00:00,0.033405621691519075
2026-02-08 06:00:00,0.04575200744558782
2026-02-08 07:00:00,0.19214978091074814
2026-02-08 08:00:00,0.21602155737363393
2026-02-08 09:00:00,0.22711590654473615
2026-02-08 10:00:00,0.024919772095324352
2026-02-08 11:00:00,0.044295141041562694
2026-02-08 12:00:00,0.04092060543719519
2026-02-08 13:00:00,0.05870396106522793
2026-02-08 14:00:00,0.03093836503748171
2026-02-08 15:00:00,0.028989373469615602
2026-02-08 16:00:00,0.029482292202686403
2026-02-08 17:00:00,0.021119222988094974
2026-02-08 18:00:00,0.23015013537665058
2026-02-08 19:00:00,0.23983262865082983
2026-02-08 20:00:00,0.2871223244983742
2026-02-08 21:00:00,0.18298177941271
2026-02-08 22:00:00,0.033543709971343434
2026-02-08 23:00:00,0.05790618491296409
2026-02-09 00:00:00,0.052618866254015864
2026-02-09 01:00:00,0.0032468317144477847
2026-02-09 02:00:00,0.0028942508716546305
2026-02-09 03:00:00,0.0022208625729417983
2026-02-09 04:00:00,0.004617884890292772
2026-02-09 05:00:00,0.05323149757302928
2026-02-09 06:00:00,0.020000074213769998
2026-02-09 07:00:00,0.23812145186784023
2026-02-09 08:00:00,0.21707095643948526
2026-02-09 09:00:00,0.20140346198026357
2026-02-09 10:00:00,0.058333543316726785
2026-02-09 11:00:00,0.024849445379439873
2026-02-09 12:00:00,0.025031561061925105
2026-02-09 13:00:00,0.03877862759635586
2026-02-09 14:00:00,0.04578834194177256
2026-02-09 15:00:00,0.0241944175593533
2026-02-09 16:00:00,0.043116241935797106
2026-02-09 17:00:00,0.045854313881346524
2026-02-09 18:00:00,0.16961854061852363
2026-02-09 19:00:00,0.24934987042903245
2026-02-09 20:00:00,0.25098210257877424
2026-02-09 21:00:00,0.1953926208763877
2026-02-09 22:00:00,0.027817451901550945
2026-02-09 23:00:00,0.03468861970414785
2026-02-10 00:00:00,0.0458502325738986
2026-02-10 01:00:00,0.003697874308913649
2026-02-10 02:00:00,0.003662876644013891
2026-02-10 03:00:00,0.004350511169523435
2026-02-10 04:00:00,0.001915357393319726
2026-02-10 05:00:00,0.04708554443287008
2026-02-10 06:00:00,0.03856872717156027
2026-02-10 07:00:00,0.2751853939654145
2026-02-10 08:00:00,0.24815844717066263
2026-02-10 09:00:00,0.2756427322611338
2026-02-10 10:00:00,0.044909562016439114
2026-02-10 11:00:00,0.05593467070553343
2026-02-10 12:00:00,0.05528689576523772
2026-02-10 13:00:00,0.04704547059636073
2026-02-10 14:00:00,0.02734682654472124
2026-02-10 15:00:00,0.05226592792379173
2026-02-10 16:00:00,0.027452654458180195
2026-02-10 17:00:00,0.03579426236155865
2026-02-10 18:00:00,0.20961928643857608
2026-02-10 19:00:00,0.2615205033376521
2026-02-10 20:00:00,0.1887355557765408
2026-02-10 21:00:00,0.18663972854499294
2026-02-10 22:00:00,0.02108276086156404
2026-02-10 23:00:00,0.04831926040450947
2026-02-11 00:00:00,0.04430457819516254
2026-02-11 01:00:00,0.004599015409115527
2026-02-11 02:00:00,0.004609491611931196
2026-02-11 03:00:00,0.0011188183482373304
2026-02-11 04:00:00,0.001669398621950583
2026-02-11 05:00:00,0.045637869435807735
2026-02-11 06:00:00,0.025773852147505383
2026-02-11 07:00:00,0.2612627751496961
2026-02-11 08:00:00,0.22170143308358117
2026-02-11 09:00:00,0.2062548371250662
2026-02-11 10:00:00,0.059372508730339904
2026-02-11 11:00:00,0.044150845219216625
2026-02-11 12:00:00,0.05816437182788706
2026-02-11 13:00:00,0.04513346980196334
2026-02-11 14:00:00,0.022439236982070107
2026-02-11 15:00:00,0.02148194811152487
2026-02-11 16:00:00,0.054266130464267676
2026-02-11 17:00:00,0.04803066964530993
2026-02-11 18:00:00,0.26744133410683996
2026-02-11 19:00:00,0.2338233784565507
2026-02-11 20:00:00,0.29694462548059664
2026-02-11 21:00:00,0.2375841735513966
2026-02-11 22:00:00,0.025434365650772395
2026-02-11 23:00:00,0.03879655281708122
2026-02-12 00:00:00,0.04676141241847778
2026-02-12 01:00:00,0.0007571287620120909
2026-02-12 02:00:00,0.003687776979833042
2026-02-12 03:00:00,0.0043716270674894085
2026-02-12 04:00:00,0.0031660556171919495
2026-02-12 05:00:00,0.0264370661281356
2026-02-12 06:00:00,0.03677578629594037
2026-02-12 07:00:00,0.2496153527747638
2026-02-12 08:00:00,0.27984777238592046
2026-02-12 09:00:00,0.1925282302700847
2026-02-12 10:00:00,0.053147455418893874
2026-02-12 11:00:00,0.02443087055820274
2026-02-12 12:00:00,0.058689842630209904
2026-02-12 13:00:00,0.052001187854555916
2026-02-12 14:00:00,0.02466887932165608
2026-02-12 15:00:00,0.04219701534132059
2026-02-12 16:00:00,0.03934925218312428
2026-02-12 17:00:00,0.05243580602976736
2026-02-12 18:00:00,0.2593039928254383
2026-02-12 19:00:00,0.19295536688765885
2026-02-12 20:00:00,0.20490930943194036
2026-02-12 21:00:00,0.24342403394774387
2026-02-12 22:00:00,0.026890882375448504
2026-02-12 23:00:00,0.03422624701599735
2026-02-13 00:00:00,0.036159015840091915
2026-02-13 01:00:00,0.004497407506164138
2026-02-13 02:00:00,0.00472427516197287
2026-02-13 03:00:00,0.001362045687954826
2026-02-13 04:00:00,0.004373736326296466
2026-02-13 05:00:00,0.034923364980737455
2026-02-13 06:00:00,0.04016343862337382
2026-02-13 07:00:00,0.23832856879926856
2026-02-13 08:00:00,0.2648897158994874
2026-02-13 09:00:00,0.22602893716923678
2026-02-13 10:00:00,0.056398875682939775
2026-02-13 11:00:00,0.0352892122100566
2026-02-13 12:00:00,0.055877742179842926
2026-02-13 13:00:00,0.05140229490049765
2026-02-13 14:00:00,0.037490659231957976
2026-02-13 15:00:00,0.028381340698434523
2026-02-13 16:00:00,0.056635479103057176
2026-02-13 17:00:00,0.02522076011730475
2026-02-13 18:00:00,0.2194823326550142
2026-02-13 19:00:00,0.2747161082052004
2026-02-13 20:00:00,0.17757242143517282
2026-02-13 21:00:00,0.19908961254338275
2026-02-13 22:00:00,0.05943597458143003
2026-02-13 23:00:00,0.058903295217653945
2026-02-14 00:00:00,0.0424833167471701
2026-02-14 01:00:00,0.0018551141446255448
2026-02-14 02:00:00,0.004990629262389154
2026-02-14 03:00:00,0.003633538084953667
2026-02-14 04:00:00,0.0008189831076261828
2026-02-14 05:00:00,0.0575024137150079
2026-02-14 06:00:00,0.03179327793087483
2026-02-14 07:00:00,0.26457819048385045
2026-02-14 08:00:00,0.18423580575303555
2026-02-14 09:00:00,0.2621760313904917
2026-02-14 10:00:00,0.03517942418399478
2026-02-14 11:00:00,0.05542054722256773
2026-02-14 12:00:00,0.04470665110505258
2026-02-14 13:00:00,0.02325298918022472
2026-02-14 14:00:00,0.045898454140260385
2026-02-14 15:00:00,0.028724142040144972
2026-02-14 16:00:00,0.042638870127062314
2026-02-14 17:00:00,0.05630362268510354
2026-02-14 18:00:00,0.24799650151248037
2026-02-14 19:00:00,0.23659521416449975
2026-02-14 20:00:00,0.22744798694407198
2026-02-14 21:00:00,0.26238411506641285
2026-02-14 22:00:00,0.03352271235645892
2026-02-14 23:00:00,0.048439769513105066
2026-02-15 00:00:00,0.05518159604810051
2026-02-15 01:00:00,0.0001573335825229866
2026-02-15 02:00:00,0.004627119014410896
2026-02-15 03:00:00,0.0009345630994221349
2026-02-15 04:00:00,0.00366560504932391
2026-02-15 05:00:00,0.032092776889293975
2026-02-15 06:00:00,0.057216358143420465
2026-02-15 07:00:00,0.20416635933111715
2026-02-15 08:00:00,0.15914577143414158
2026-02-15 09:00:00,0.16092449735817774
2026-02-15 10:00:00,0.045687057422535524
2026-02-15 11:00:00,0.030747940992255248
2026-02-15 12:00:00,0.04916814073585567
2026-02-15 13:00:00,0.031212556973121135
2026-02-15 14:00:00,0.05858086853658266
2026-02-15 15:00:00,0.0310957639490675
2026-02-15 16:00:00,0.02048561317162447
2026-02-15 17:00:00,0.056796599835085324
2026-02-15 18:00:00,0.23426071692022515
2026-02-15 19:00:00,0.2427767283981409
2026-02-15 20:00:00,0.2708434113467401
2026-02-15 21:00:00,0.19120440894457608
2026-02-15 22:00:00,0.054756327037056865
2026-02-15 23:00:00,0.03586939159814022
2026-02-16 00:00:00,0.02892287341237447
2026-02-16 01:00:00,0.0011853958746619003
2026-02-16 02:00:00,0.0009070901191662284
2026-02-16 03:00:00,0.0003163652851135451
2026-02-16 04:00:00,0.003613918612767919
2026-02-16 05:00:00,0.020631781846244545
2026-02-16 06:00:00,0.028552109057819304
2026-02-16 07:00:00,0.23215685900010252
2026-02-16 08:00:00,0.2709698100291992
2026-02-16 09:00:00,0.16061524457219525
2026-02-16 10:00:00,0.024551636327815592
2026-02-16 11:00:00,0.04879084481736158
2026-02-16 12:00:00,0.040107606243904886
2026-02-16 13:00:00,0.052177951400971825
2026-02-16 14:00:00,0.04399611313015464
2026-02-16 15:00:00,0.02007030794681221
2026-02-16 16:00:00,0.0550485026361498
2026-02-16 17:00:00,0.033075429191730565
2026-02-16 18:00:00,0.22139065081212572
2026-02-16 19:00:00,0.2538502540541934
2026-02-16 20:00:00,0.24203240503185913
2026-02-16 21:00:00,0.2773417451918957
2026-02-16 22:00:00,0.05963427251630188
2026-02-16 23:00:00,0.029420894680032655
2026-02-17 00:00:00,0.04634882700251551
2026-02-17 01:00:00,0.0007101849343428201
2026-02-17 02:00:00,0.0016902318048514148
2026-02-17 03:00:00,0.0022984804266432016
2026-02-17 04:00:00,0.00197264253895935
2026-02-17 05:00:00,0.04139467865815162
2026-02-17 06:00:00,0.03646225896209057
2026-02-17 07:00:00,0.24600048130457927
2026-02-17 08:00:00,0.18322191857320225
2026-02-17 09:00:00,0.2823767286611024
2026-02-17 10:00:00,0.0262806145114123
2026-02-17 11:00:00,0.027307485189999963
2026-02-17 12:00:00,0.046178112259946114
2026-02-17 13:00:00,0.043514248444931215
2026-02-17 14:00:00,0.03353726497724568
2026-02-17 15:00:00,0.02803722963960191
2026-02-17 16:00:00,0.049476978445064934
2026-02-17 17:00:00,0.045605664990892976
2026-02-17 18:00:00,0.27290397176013803
2026-02-17 19:00:00,0.2737987204803147
2026-02-17 20:00:00,0.2046105710475421
2026-02-17 21:00:00,0.21112515583826544
2026-02-17 22:00:00,0.02651983025967131
2026-02-17 23:00:00,0.04360626231597124
2026-02-18 00:00:00,0.020406782680367296
2026-02-18 01:00:00,0.0035687938175540473
2026-02-18 02:00:00,0.0045137720468885366
2026-02-18 03:00:00,0.0021897799106234067
2026-02-18 04:00:00,0.00039858808741350397
2026-02-18 05:00:00,0.027047794175735183
2026-02-18 06:00:00,0.04164914383005082
2026-02-18 07:00:00,0.2653297812687071
2026-02-18 08:00:00,0.2000384015200569
2026-02-18 09:00:00,0.27751910974460764
2026-02-18 10:00:00,0.05060449981214249
2026-02-18 11:00:00,0.021566665393582703
2026-02-18 12:00:00,0.026390985052333123
2026-02-18 13:00:00,0.030153481436375123
2026-02-18 14:00:00,0.05730167724829517
2026-02-18 15:00:00,0.04323056585035569
2026-02-18 16:00:00,0.05744997717783795
2026-02-18 17:00:00,0.05851377318447258
2026-02-18 18:00:00,0.18162671169115466
2026-02-18 19:00:00,0.22251383627303584
2026-02-18 20:00:00,0.15267051003234333
2026-02-18 21:00:00,0.15885123892848468
2026-02-18 22:00:00,0.021811477985781657
2026-02-18 23:00:00,0.021009299839349908
2026-02-19 00:00:00,0.023891112970207216
2026-02-19 01:00:00,0.00042933440357523
2026-02-19 02:00:00,0.0011979214041477454
2026-02-19 03:00:00,1.547198387946369e-05
2026-02-19 04:00:00,0.0021469207603282627
2026-02-19 05:00:00,0.028774036936283998
2026-02-19 06:00:00,0.055641793756483385
2026-02-19 07:00:00,0.17675716551889092
2026-02-19 08:00:00,0.2406559554387005
2026-02-19 09:00:00,0.20392895080576523
2026-02-19 10:00:00,0.05282638814069779
2026-02-19 11:00:00,0.05221690344010667
2026-02-19 12:00:00,0.023201478080714516
2026-02-19 13:00:00,0.05678785571735376
2026-02-19 14:00:00,0.05706377648347316
2026-02-19 15:00:00,0.05700972708137804
2026-02-19 16:00:00,0.03217654013335209
2026-02-19 17:00:00,0.056794624721554984
2026-02-19 18:00:00,0.1985706324132313
2026-02-19 19:00:00,0.15678767506393737
2026-02-19 20:00:00,0.2893175303754082
2026-02-19 21:00:00,0.24889394770039303
2026-02-19 22:00:00,0.053155101106326694
2026-02-19 23:00:00,0.04128182813731252
2026-02-20 00:00:00,0.024340616993415096
2026-02-20 01:00:00,0.002043084871362838
2026-02-20 02:00:00,0.00362651697488816
2026-02-20 03:00:00,0.002566706686629687
2026-02-20 04:00:00,0.0015834136456718956
2026-02-20 05:00:00,0.05460610723375739
2026-02-20 06:00:00,0.043655129590268196
2026-02-20 07:00:00,0.16656454836832404
2026-02-20 08:00:00,0.25443637919041934
2026-02-20 09:00:00,0.231203697229637
2026-02-20 10:00:00,0.055549309144929115
2026-02-20 11:00:00,0.0591808634591086
2026-02-20 12:00:00,0.042825606035484715
2026-02-20 13:00:00,0.053245229706759795
2026-02-20 14:00:00,0.029901695164541477
2026-02-20 15:00:00,0.0582909972415277
2026-02-20 16:00:00,0.05293677669239895
2026-02-20 17:00:00,0.02233164607341481
2026-02-20 18:00:00,0.29665263815566445
2026-02-20 19:00:00,0.22051871655851643
2026-02-20 20:00:00,0.2750281357649159
2026-02-20 21:00:00,0.264576136864307
2026-02-20 22:00:00,0.050221177997228514
2026-02-20 23:00:00,0.047310917449995694
2026-02-21 00:00:00,0.030770113426933737
2026-02-21 01:00:00,0.00019851401567002935
2026-02-21 02:00:00,0.0018664014446266991
2026-02-21 03:00:00,0.0008037313149651054
2026-02-21 04:00:00,0.004506859773140486
2026-02-21 05:00:00,0.058430535703642025
2026-02-21 06:00:00,0.031156390116472962
2026-02-21 07:00:00,0.2760348561842214
2026-02-21 08:00:00,0.1926930857136069
2026-02-21 09:00:00,0.20289657014842694
2026-02-21 10:00:00,0.04186832442396134
2026-02-21 11:00:00,0.05544375273460894
2026-02-21 12:00:00,0.02820671401116816
2026-02-21 13:00:00,0.05436669124505705
2026-02-21 14:00:00,0.04017327045367264
2026-02-21 15:00:00,0.05434439171501804
2026-02-21 16:00:00,0.03870628909615673
2026-02-21 17:00:00,0.030016171815764908
2026-02-21 18:00:00,0.15121928252781522
2026-02-21 19:00:00,0.2511404625964495
2026-02-21 20:00:00,0.17840513288847187
2026-02-21 21:00:00,0.21075269026847146
2026-02-21 22:00:00,0.03496858754122266
2026-02-21 23:00:00,0.025219462645547558
2026-02-22 00:00:00,0.03468387411334265
2026-02-22 01:00:00,0.0005146672640413557
2026-02-22 02:00:00,0.0009305375807054128
2026-02-22 03:00:00,0.00228032956226987
2026-02-22 04:00:00,0.004981189054316858
2026-02-22 05:00:00,0.04786205083810478
2026-02-22 06:00:00,0.033799923036363776
2026-02-22 07:00:00,0.18113109475983966
2026-02-22 08:00:00,0.23686938216644554
2026-02-22 09:00:00,0.25792710390324936
2026-02-22 10:00:00,0.05563082341564239
2026-02-22 11:00:00,0.030317156978485842
2026-02-22 12:00:00,0.05323948879550977
2026-02-22 13:00:00,0.02535901442082028
2026-02-22 14:00:00,0.05406892543111948
2026-02-22 15:00:00,0.03465061738561409
2026-02-22 16:00:00,0.0571470893538225
2026-02-22 17:00:00,0.029292791265538097
2026-02-22 18:00:00,0.2454717088728171
2026-02-22 19:00:00,0.22912800825100832
2026-02-22 20:00:00,0.2691648660364421
2026-02-22 21:00:00,0.26546225232198845
2026-02-22 22:00:00,0.022232371439912937
2026-02-22 23:00:00,0.04630970449128328
2026-02-23 00:00:00,0.05989360262470131
2026-02-23 01:00:00,0.002208293781067264
2026-02-23 02:00:00,0.003151306438172493
2026-02-23 03:00:00,0.004699274808286808
2026-02-23 04:00:00,0.0044918765631808836
2026-02-23 05:00:00,0.04328936678154672
2026-02-23 06:00:00,0.031998594119484886
2026-02-23 07:00:00,0.25812310287308615
2026-02-23 08:00:00,0.20669969349705428
2026-02-23 09:00:00,0.16158184596776748
2026-02-23 10:00:00,0.05357569797873439
2026-02-23 11:00:00,0.03135888101286964
2026-02-23 12:00:00,0.05644198520511427
2026-02-23 13:00:00,0.050907615903592454
2026-02-23 14:00:00,0.054461496820664146
2026-02-23 15:00:00,0.04100224285888597
2026-02-23 16:00:00,0.037971954507642944
2026-02-23 17:00:00,0.02625671860621291
2026-02-23 18:00:00,0.2665432915261431
2026-02-23 19:00:00,0.22722889608623492
2026-02-23 20:00:00,0.24525387595811687
2026-02-23 21:00:00,0.16479020812570933
2026-02-23 22:00:00,0.02829897642266202
2026-02-23 23:00:00,0.04960312794705325
2026-02-24 00:00:00,0.044125863594052434
2026-02-24 01:00:00,0.003885160361135204
2026-02-24 02:00:00,0.00487772114749535
2026-02-24 03:00:00,0.004353432617388523
2026-02-24 04:00:00,0.00031573002347423386
2026-02-24 05:00:00,0.05600912751045915
2026-02-24 06:00:00,0.03425711280546695
2026-02-24 07:00:00,0.20389823611100807
2026-02-24 08:00:00,0.2125739539671393
2026-02-24 09:00:00,0.26270540025668454
2026-02-24 10:00:00,0.02086700435204771
2026-02-24 11:00:00,0.0370370011457214
2026-02-24 12:00:00,0.04456053864473098
2026-02-24 13:00:00,0.02730548968884845
2026-02-24 14:00:00,0.030973992365050104
2026-02-24 15:00:00,0.05375015896937192
2026-02-24 16:00:00,0.0478800390109141
2026-02-24 17:00:00,0.021226675696648854
2026-02-24 18:00:00,0.25140503513299545
2026-02-24 19:00:00,0.25060494470442496
2026-02-24 20:00:00,0.2435816382726422
2026-02-24 21:00:00,0.1824169826324914
2026-02-24 22:00:00,0.04019325489574277
2026-02-24 23:00:00,0.04748056921462153
2026-02-25 00:00:00,0.0313635846452794
2026-02-25 01:00:00,0.0008417872691406531
2026-02-25 02:00:00,0.0009477272386572672
2026-02-25 03:00:00,0.004054331851478577
2026-02-25 04:00:00,0.0018062482999088082
2026-02-25 05:00:00,0.04742966051147124
2026-02-25 06:00:00,0.05971450001980691
2026-02-25 07:00:00,0.15089360050584802
2026-02-25 08:00:00,0.22321542718006443
2026-02-25 09:00:00,0.20390524382756528
2026-02-25 10:00:00,0.03224353449220354
2026-02-25 11:00:00,0.05170714804951121
2026-02-25 12:00:00,0.026249613404008845
2026-02-25 13:00:00,0.03594054937296226
2026-02-25 14:00:00,0.054688728721572294
2026-02-25 15:00:00,0.04334498242879131
2026-02-25 16:00:00,0.04594006164504488
2026-02-25 17:00:00,0.025039038688820243
2026-02-25 18:00:00,0.2853636046093935
2026-02-25 19:00:00,0.2361801916171398
2026-02-25 20:00:00,0.19161342074533905
2026-02-25 21:00:00,0.20850898759926073
2026-02-25 22:00:00,0.03148208703534976
2026-02-25 23:00:00,0.03091183407885317
2026-02-26 00:00:00,0.05365650765058702
2026-02-26 01:00:00,0.0021301945302253152
2026-02-26 02:00:00,0.00025968330123748
2026-02-26 03:00:00,0.0017833135129116345
2026-02-26 04:00:00,0.0001414122821419772
2026-02-26 05:00:00,0.04417966253996718
2026-02-26 06:00:00,0.03520385104386964
2026-02-26 07:00:00,0.20859321167928163
2026-02-26 08:00:00,0.22830904224789877
2026-02-26 09:00:00,0.15013633515428915
2026-02-26 10:00:00,0.021190139413623153
2026-02-26 11:00:00,0.024085183121645516
2026-02-26 12:00:00,0.04188560760185453
2026-02-26 13:00:00,0.04185530569933835
2026-02-26 14:00:00,0.05817002577452347
2026-02-26 15:00:00,0.04994608079272424
2026-02-26 16:00:00,0.022727931863755622
2026-02-26 17:00:00,0.030535614241965194
2026-02-26 18:00:00,0.20455196159529496
2026-02-26 19:00:00,0.1922174151368051
2026-02-26 20:00:00,0.27694352994910293
2026-02-26 21:00:00,0.18599434147251698
2026-02-26 22:00:00,0.0211380038545291
2026-02-26 23:00:00,0.038705551222146466
2026-02-27 00:00:00,0.04082812318826386
2026-02-27 01:00:00,0.0005289298028433315
2026-02-27 02:00:00,0.003396450181427973
2026-02-27 03:00:00,0.0002331760520721049
2026-02-27 04:00:00,0.002456715559765928
2026-02-27 05:00:00,0.055832937008985103
2026-02-27 06:00:00,0.04863260112141919
2026-02-27 07:00:00,0.21624692808896306
2026-02-27 08:00:00,0.1527704251130149
2026-02-27 09:00:00,0.23369305259554968
2026-02-27 10:00:00,0.059112274825269054
2026-02-27 11:00:00,0.03158478471730611
2026-02-27 12:00:00,0.045321872052150006
2026-02-27 13:00:00,0.03111269452970843
2026-02-27 14:00:00,0.0513325863438165
2026-02-27 15:00:00,0.020794139605193288
2026-02-27 16:00:00,0.03301862216236619
2026-02-27 17:00:00,0.022294552895619577
2026-02-27 18:00:00,0.1725866682042322
2026-02-27 19:00:00,0.232889374603927
2026-02-27 20:00:00,0.20631892055395196
2026-02-27 21:00:00,0.22539021830614447
2026-02-27 22:00:00,0.024703452289957562
2026-02-27 23:00:00,0.04887290749094711
2026-02-28 00:00:00,0.030840745554174154
2026-02-28 01:00:00,0.0043706923186000056
2026-02-28 02:00:00,0.0022033372429944233
2026-02-28 03:00:00,0.0034429507796615135
2026-02-28 04:00:00,0.0031504824747369976
2026-02-28 05:00:00,0.042980251967864126
2026-02-28 06:00:00,0.05165160566876935
2026-02-28 07:00:00,0.2422968284247764
2026-02-28 08:00:00,0.2566472031632166
2026-02-28 09:00:00,0.17584021532741737
2026-02-28 10:00:00,0.04408391617118202
2026-02-28 11:00:00,0.04592850360860243
2026-02-28 12:00:00,0.025884378501501826
2026-02-28 13:00:00,0.024951412215549106
2026-02-28 14:00:00,0.027089280863561743
2026-02-28 15:00:00,0.020263676722489556
2026-02-28 16:00:00,0.04318619791964462
2026-02-28 17:00:00,0.0377388963729897
2026-02-28 18:00:00,0.17590136278168836
2026-02-28 19:00:00,0.17557659724777408
2026-02-28 20:00:00,0.23201086841555463
2026-02-28 21:00:00,0.2989360070561202
2026-02-28 22:00:00,0.035597248021119375
2026-02-28 23:00:00,0.050647935363787276
2026-03-01 00:00:00,0.048639316104298114
2026-03-01 01:00:00,0.0033028197347922607
2026-03-01 02:00:00,0.0015778238871437707
2026-03-01 03:00:00,0.001598766412569928
2026-03-01 04:00:00,0.0010005737971656265
2026-03-01 05:00:00,0.03654192881232349
2026-03-01 06:00:00,0.020368905737319594
2026-03-01 07:00:00,0.21564783876557708
2026-03-01 08:00:00,0.2718789680388542
2026-03-01 09:00:00,0.212516750193122
2026-03-01 10:00:00,0.03230561444849708
2026-03-01 11:00:00,0.04627554793553458
2026-03-01 12:00:00,0.05449430854770064
2026-03-01 13:00:00,0.02802607261711939
2026-03-01 14:00:00,0.04979796536468609
2026-03-01 15:00:00,0.053459184128775095
2026-03-01 16:00:00,0.04941839225674519
2026-03-01 17:00:00,0.031090294212940066
2026-03-01 18:00:00,0.18402100159850424
2026-03-01 19:00:00,0.2491995307608945
2026-03-01 20:00:00,0.21863535125472072
2026-03-01 21:00:00,0.2022269702888516
2026-03-01 22:00:00,0.04962238230480844
2026-03-01 23:00:00,0.022530609183955948
2026-03-02 00:00:00,0.04500362076049029
2026-03-02 01:00:00,0.0009553164070114267
2026-03-02 02:00:00,0.0018690705704942307
2026-03-02 03:00:00,0.0026283160821486706
2026-03-02 04:00:00,0.0015614113122481039
2026-03-02 05:00:00,0.058822458868390576
2026-03-02 06:00:00,0.058047577772048206
2026-03-02 07:00:00,0.2582037236162878
2026-03-02 08:00:00,0.17474513259532548
2026-03-02 09:00:00,0.15462013947885844
2026-03-02 10:00:00,0.0526346322804903
2026-03-02 11:00:00,0.03216480882509666
2026-03-02 12:00:00,0.026446300722951368
2026-03-02 13:00:00,0.03517624856662614
2026-03-02 14:00:00,0.03376540237779065
2026-03-02 15:00:00,0.02976473842467718
2026-03-02 16:00:00,0.04844761976315001
2026-03-02 17:00:00,0.05100292964939433
2026-03-02 18:00:00,0.23974666538456796
2026-03-02 19:00:00,0.2860832281746766
2026-03-02 20:00:00,0.2500416887118288
2026-03-02 21:00:00,0.24682310495281648
2026-03-02 22:00:00,0.026806354849787332
2026-03-02 23:00:00,0.026955420095376652
2026-03-03 00:00:00,0.03809852823675974
2026-03-03 01:00:00,0.00368028710328006
2026-03-03 02:00:00,8.633296501753263e-05
2026-03-03 03:00:00,0.0003541171307187213
2026-03-03 04:00:00,0.003644064683130257
2026-03-03 05:00:00,0.021805221089785505
2026-03-03 06:00:00,0.035547801172085725
2026-03-03 07:00:00,0.1721352259749703
2026-03-03 08:00:00,0.17215554051575815
2026-03-03 09:00:00,0.15062778572215
2026-03-03 10:00:00,0.022002578269110017
2026-03-03 11:00:00,0.045687811022283996
2026-03-03 12:00:00,0.032355145889298095
2026-03-03 13:00:00,0.03755181402612881
2026-03-03 14:00:00,0.03885695130902014
2026-03-03 15:00:00,0.022674021983530416
2026-03-03 16:00:00,0.0467980456629914
2026-03-03 17:00:00,0.051083253993687266
2026-03-03 18:00:00,0.19528439660701194
2026-03-03 19:00:00,0.19558355961070506
2026-03-03 20:00:00,0.23932173880388957
2026-03-03 21:00:00,0.2751142936048775
2026-03-03 22:00:00,0.03764222262101316
2026-03-03 23:00:00,0.03879466548343583
2026-03-04 00:00:00,0.03428236694386177
2026-03-04 01:00:00,0.003270078371393231
2026-03-04 02:00:00,0.002693371507341556
2026-03-04 03:00:00,0.003425798373511967
2026-03-04 04:00:00,0.0027259155193124335
2026-03-04 05:00:00,0.05467093401540146
2026-03-04 06:00:00,0.03391220720779397
2026-03-04 07:00:00,0.2575599766672499
2026-03-04 08:00:00,0.24987067333979118
2026-03-04 09:00:00,0.19742977042772134
2026-03-04 10:00:00,0.03938419492553753
2026-03-04 11:00:00,0.023628989553753872
2026-03-04 12:00:00,0.03917050170215177
2026-03-04 13:00:00,0.04016939432850504
2026-03-04 14:00:00,0.022461324133439264
2026-03-04 15:00:00,0.04937005084727462
2026-03-04 16:00:00,0.04569159772130856
2026-03-04 17:00:00,0.04647222976124979
2026-03-04 18:00:00,0.16662916104673706
2026-03-04 19:00:00,0.27104700446372537
2026-03-04 20:00:00,0.18145623821570514
2026-03-04 21:00:00,0.2745890777389375
2026-03-04 22:00:00,0.05974092799664228
2026-03-04 23:00:00,0.027860649326594718
2026-03-05 00:00:00,0.031641181797339935
2026-03-05 01:00:00,0.003434261624448239
2026-03-05 02:00:00,0.0026124886682765496
2026-03-05 03:00:00,0.0022054081434674574
2026-03-05 04:00:00,0.0034338600710105437
2026-03-05 05:00:00,0.054333081914229295
2026-03-05 06:00:00,0.04745937840032982
2026-03-05 07:00:00,0.26599044168568325
2026-03-05 08:00:00,0.29090283273434697
2026-03-05 09:00:00,0.170870502978563
2026-03-05 10:00:00,0.05922589838519357
2026-03-05 11:00:00,0.03200398832424727
2026-03-05 12:00:00,0.02338599343473194
2026-03-05 13:00:00,0.031333460472216385
2026-03-05 14:00:00,0.05652220936442655
2026-03-05 15:00:00,0.03877333392647507
2026-03-05 16:00:00,0.037271219253267665
2026-03-05 17:00:00,0.04428918941912832
2026-03-05 18:00:00,0.28017452485924527
2026-03-05 19:00:00,0.24810347086916504
2026-03-05 20:00:00,0.23644326241678754
2026-03-05 21:00:00,0.18479204205216762
2026-03-05 22:00:00,0.056759227146210706
2026-03-05 23:00:00,0.042223885104376954
2026-03-06 00:00:00,0.03851976724916273
2026-03-06 01:00:00,0.0028402961822810947
2026-03-06 02:00:00,0.0003507707303181584
2026-03-06 03:00:00,0.003000227390786199
2026-03-06 04:00:00,0.0030089459577141487
2026-03-06 05:00:00,0.055439501037394256
2026-03-06 06:00:00,0.0496992516674335
2026-03-06 07:00:00,0.24844642120373883
2026-03-06 08:00:00,0.15762506792790792
2026-03-06 09:00:00,0.285128599697841
2026-03-06 10:00:00,0.05963604385517375
2026-03-06 11:00:00,0.040610188826035426
2026-03-06 12:00:00,0.04763133361159606
2026-03-06 13:00:00,0.04837916260614192
2026-03-06 14:00:00,0.025598776535140182
2026-03-06 15:00:00,0.05494769084139034
2026-03-06 16:00:00,0.030559287359429095
2026-03-06 17:00:00,0.02627338482102729
2026-03-06 18:00:00,0.2214732379076323
2026-03-06 19:00:00,0.16628366128645514
2026-03-06 20:00:00,0.2531915332507475
2026-03-06 21:00:00,0.287370023576512
2026-03-06 22:00:00,0.032165275472408286
2026-03-06 23:00:00,0.05987216472854026
2026-03-07 00:00:00,0.023312243065725574
2026-03-07 01:00:00,0.00186844442851057
2026-03-07 02:00:00,0.001792208457254862
2026-03-07 03:00:00,0.00396257748279565
2026-03-07 04:00:00,0.0022915008463037273
2026-03-07 05:00:00,0.022919453113066854
2026-03-07 06:00:00,0.02276741841802067
2026-03-07 07:00:00,0.2415840932832196
2026-03-07 08:00:00,0.2147766814535601
2026-03-07 09:00:00,0.28976451630587435
2026-03-07 10:00:00,0.022129198665713622
2026-03-07 11:00:00,0.04319698277582275
2026-03-07 12:00:00,0.03211370497658664
2026-03-07 13:00:00,0.046928246250604794
2026-03-07 14:00:00,0.04748049533943296
2026-03-07 15:00:00,0.0364273042965271
2026-03-07 16:00:00,0.03849014035028539
2026-03-07 17:00:00,0.037366874037830594
2026-03-07 18:00:00,0.25941945673914013
2026-03-07 19:00:00,0.23873941192525105
2026-03-07 20:00:00,0.2965110673616234
2026-03-07 21:00:00,0.1567998892833398
2026-03-07 22:00:00,0.049535030475703956
2026-03-07 23:00:00,0.041785993429790724
2026-03-08 00:00:00,0.030894311848289332
2026-03-08 01:00:00,0.003471472885526695
2026-03-08 02:00:00,0.004561271409907084
2026-03-08 03:00:00,0.0018372155919369854
2026-03-08 04:00:00,0.004159970957354686
2026-03-08 05:00:00,0.022365144012299318
2026-03-08 06:00:00,0.03810412290874862
2026-03-08 07:00:00,0.21052226239190064
2026-03-08 08:00:00,0.2635061137242024
2026-03-08 09:00:00,0.24537699862562318
2026-03-08 10:00:00,0.04339925452180446
2026-03-08 11:00:00,0.04248306898686429
2026-03-08 12:00:00,0.026747455323682865
2026-03-08 13:00:00,0.030000012077913994
2026-03-08 14:00:00,0.04919716562176507
2026-03-08 15:00:00,0.024274230596849057
2026-03-08 16:00:00,0.05301417219330197
2026-03-08 17:00:00,0.02400009213969935
2026-03-08 18:00:00,0.1918073686296652
2026-03-08 19:00:00,0.22702017226471288
2026-03-08 20:00:00,0.16060058100629251
2026-03-08 21:00:00,0.17095611174194777
2026-03-08 22:00:00,0.05388656537164947
2026-03-08 23:00:00,0.0442718221605999
2026-03-09 00:00:00,0.05643641929938782
2026-03-09 01:00:00,0.004308827697663357
2026-03-09 02:00:00,0.0026181418073013634
2026-03-09 03:00:00,0.000775788488027745
2026-03-09 04:00:00,0.002668078402790803
2026-03-09 05:00:00,0.029150198161415834
2026-03-09 06:00:00,0.04877409951523495
2026-03-09 07:00:00,0.17842801464602454
2026-03-09 08:00:00,0.19454740023166686
2026-03-09 09:00:00,0.2893821460060941
2026-03-09 10:00:00,0.025484658276519457
2026-03-09 11:00:00,0.04288495235258883
2026-03-09 12:00:00,0.053050536931900344
2026-03-09 13:00:00,0.050613958743041844
2026-03-09 14:00:00,0.031042332062621532
2026-03-09 15:00:00,0.022798531458846517
2026-03-09 16:00:00,0.04799012851985496
2026-03-09 17:00:00,0.03636534179838018
2026-03-09 18:00:00,0.25712182185265525
2026-03-09 19:00:00,0.2109236081103969
2026-03-09 20:00:00,0.29114560806979084
2026-03-09 21:00:00,0.21385881707736537
2026-03-09 22:00:00,0.0383233382241189
2026-03-09 23:00:00,0.023756418399694917
2026-03-10 00:00:00,0.05224715874359338
2026-03-10 01:00:00,0.002323959458965071
2026-03-10 02:00:00,0.0032054007771173776
2026-03-10 03:00:00,0.0015317653955475318
2026-03-10 04:00:00,0.0008920009836345406
2026-03-10 05:00:00,0.04955665326585482
2026-03-10 06:00:00,0.05226354445263111
2026-03-10 07:00:00,0.15840850025853717
2026-03-10 08:00:00,0.2502113881995224
2026-03-10 09:00:00,0.28831235906743546
2026-03-10 10:00:00,0.03273915345576491
2026-03-10 11:00:00,0.030289504068001682
2026-03-10 12:00:00,0.053613754703074515
2026-03-10 13:00:00,0.03541356016897969
2026-03-10 14:00:00,0.03333433696336745
2026-03-10 15:00:00,0.02621877648688517
2026-03-10 16:00:00,0.02773833990536958
2026-03-10 17:00:00,0.05197264515271295
2026-03-10 18:00:00,0.29123338024511547
2026-03-10 19:00:00,0.26182763610067933
2026-03-10 20:00:00,0.24372873044887172
2026-03-10 21:00:00,0.2724648515463624
2026-03-10 22:00:00,0.023669817298067084
2026-03-10 23:00:00,0.03915337408854472
2026-03-11 00:00:00,0.048289510371982355
2026-03-11 01:00:00,0.001074202445108267
2026-03-11 02:00:00,0.0012922547318619038
2026-03-11 03:00:00,0.0002718687013633503
2026-03-11 04:00:00,0.0004075434989164972
2026-03-11 05:00:00,0.024254710356547835
2026-03-11 06:00:00,0.02187656219719032
2026-03-11 07:00:00,0.22854382446709595
2026-03-11 08:00:00,0.22887809675175994
2026-03-11 09:00:00,0.2657203441868796
2026-03-11 10:00:00,0.043824844506927405
2026-03-11 11:00:00,0.05896920939284758
2026-03-11 12:00:00,0.03550929005263309
2026-03-11 13:00:00,0.04866293519242851
2026-03-11 14:00:00,0.04332164983760946
2026-03-11 15:00:00,0.02422812661627813
2026-03-11 16:00:00,0.02258955917261429
2026-03-11 17:00:00,0.041566756703018626
2026-03-11 18:00:00,0.16200448067979
2026-03-11 19:00:00,0.20405832514422914
2026-03-11 20:00:00,0.2696487427629306
2026-03-11 21:00:00,0.29408832477550173
2026-03-11 22:00:00,0.045837202439115945
2026-03-11 23:00:00,0.057118747840731635
2026-03-12 00:00:00,0.02775488074975171
2026-03-12 01:00:00,0.004344426389634763
2026-03-12 02:00:00,0.0018682625766287082
2026-03-12 03:00:00,0.00011547235599040472
2026-03-12 04:00:00,0.003551772452101692
2026-03-12 05:00:00,0.04610516092889699
2026-03-12 06:00:00,0.05146458216591519
2026-03-12 07:00:00,0.29157372940177373
2026-03-12 08:00:00,0.16262812661873036
2026-03-12 09:00:00,0.22567482576542403
2026-03-12 10:00:00,0.03677253455397783
2026-03-12 11:00:00,0.03882867506724193
2026-03-12 12:00:00,0.027231619823348967
2026-03-12 13:00:00,0.0229048674833055
2026-03-12 14:00:00,0.026388562494561656
2026-03-12 15:00:00,0.03367625708123064
2026-03-12 16:00:00,0.040352277985969326
2026-03-12 17:00:00,0.059245554640208364
2026-03-12 18:00:00,0.24233659591370788
2026-03-12 19:00:00,0.20150612643271565
2026-03-12 20:00:00,0.16050974111957844
2026-03-12 21:00:00,0.2888514459735309
2026-03-12 22:00:00,0.05941931604874719
2026-03-12 23:00:00,0.022745893685741272
2026-03-13 00:00:00,0.03318186929280964
2026-03-13 01:00:00,0.0029257392116911135
2026-03-13 02:00:00,0.0031887648529060563
2026-03-13 03:00:00,0.00030492349709980107
2026-03-13 04:00:00,0.003176454418853177
2026-03-13 05:00:00,0.021422306894404317
2026-03-13 06:00:00,0.0387561853532523
2026-03-13 07:00:00,0.2532056539568975
2026-03-13 08:00:00,0.24006594053235095
2026-03-13 09:00:00,0.2854782131566272
2026-03-13 10:00:00,0.02186272009435572
2026-03-13 11:00:00,0.020845419770224485
2026-03-13 12:00:00,0.05345762969513114
2026-03-13 13:00:00,0.032637080182715925
2026-03-13 14:00:00,0.03276817629790985
2026-03-13 15:00:00,0.03102312893742348
2026-03-13 16:00:00,0.05123717308365765
2026-03-13 17:00:00,0.020439761267871254
2026-03-13 18:00:00,0.22943483654029914
2026-03-13 19:00:00,0.2179849036488839
2026-03-13 20:00:00,0.20749497374395792
2026-03-13 21:00:00,0.19881630273664874
2026-03-13 22:00:00,0.04551108321188958
2026-03-13 23:00:00,0.028569747712900752
2026-03-14 00:00:00,0.03006436517308019
2026-03-14 01:00:00,0.0007548099168459748
2026-03-14 02:00:00,0.0021849388241725475
2026-03-14 03:00:00,0.0036314440517386556
2026-03-14 04:00:00,0.0035488017300996434
2026-03-14 05:00:00,0.04603676720563726
2026-03-14 06:00:00,0.05578297013687443
2026-03-14 07:00:00,0.27823151228002974
2026-03-14 08:00:00,0.26587987263111756
2026-03-14 09:00:00,0.22817993836178596
2026-03-14 10:00:00,0.04540892256101273
2026-03-14 11:00:00,0.023663738062057283
2026-03-14 12:00:00,0.038819406986236454
2026-03-14 13:00:00,0.05511836218827873
2026-03-14 14:00:00,0.022560712798491225
2026-03-14 15:00:00,0.03337536664912064
2026-03-14 16:00:00,0.035320914046315
2026-03-14 17:00:00,0.04918468879795707
2026-03-14 18:00:00,0.18690375432554662
2026-03-14 19:00:00,0.1814626537014592
2026-03-14 20:00:00,0.17711905896074315
2026-03-14 21:00:00,0.15462393775407712
2026-03-14 22:00:00,0.023946237401926876
2026-03-14 23:00:00,0.026784962909194174
2026-03-15 00:00:00,0.020708829603860064
2026-03-15 01:00:00,0.002365401793825459
2026-03-15 02:00:00,0.002382609217348994
2026-03-15 03:00:00,0.0004179854059590732
2026-03-15 04:00:00,0.0022446296636971404
2026-03-15 05:00:00,0.030394648338209006
2026-03-15 06:00:00,0.04464874755024407
2026-03-15 07:00:00,0.21760075480605395
2026-03-15 08:00:00,0.24399911262351642
2026-03-15 09:00:00,0.2536600259871005
2026-03-15 10:00:00,0.04520763466479721
2026-03-15 11:00:00,0.021289226571474335
2026-03-15 12:00:00,0.03088520320292575
2026-03-15 13:00:00,0.03633321844204566
2026-03-15 14:00:00,0.04689550849396874
2026-03-15 15:00:00,0.048779676524330365
2026-03-15 16:00:00,0.029996792936956874
2026-03-15 17:00:00,0.032543811740871155
2026-03-15 18:00:00,0.1859019900645151
2026-03-15 19:00:00,0.17463232687060654
2026-03-15 20:00:00,0.1591342289134041
2026-03-15 21:00:00,0.17858875657046858
2026-03-15 22:00:00,0.04349905492793649
2026-03-15 23:00:00,0.04509239775684727
2026-03-16 00:00:00,0.021824010610476605
2026-03-16 01:00:00,0.0033760547132722953
2026-03-16 02:00:00,0.0033227343659956894
2026-03-16 03:00:00,6.966189456128591e-05
2026-03-16 04:00:00,0.0030268831263850814
2026-03-16 05:00:00,0.05545618914163093
2026-03-16 06:00:00,0.024675543759486662
2026-03-16 07:00:00,0.24251941765728224
2026-03-16 08:00:00,0.17849271053924776
2026-03-16 09:00:00,0.163726753762587
2026-03-16 10:00:00,0.04164867732349756
2026-03-16 11:00:00,0.030939763934313722
2026-03-16 12:00:00,0.03106568169091642
2026-03-16 13:00:00,0.050763064302449465
2026-03-16 14:00:00,0.03951529903741515
2026-03-16 15:00:00,0.05659857686644017
2026-03-16 16:00:00,0.05117151447485439
2026-03-16 17:00:00,0.04012005592204129
2026-03-16 18:00:00,0.21755536994291608
2026-03-16 19:00:00,0.17468604618749867
2026-03-16 20:00:00,0.21729157268702115
2026-03-16 21:00:00,0.2379281801909538
2026-03-16 22:00:00,0.038751171086250966
2026-03-16 23:00:00,0.03111041799904077
2026-03-17 00:00:00,0.053695787494517505
2026-03-17 01:00:00,0.0022833570613239964
2026-03-17 02:00:00,0.0020736392009595224
2026-03-17 03:00:00,0.0047542820284131124
2026-03-17 04:00:00,0.000694439029122268
2026-03-17 05:00:00,0.05533125108267678
2026-03-17 06:00:00,0.036103054888315125
2026-03-17 07:00:00,0.17875285787102474
2026-03-17 08:00:00,0.16055631101579823
2026-03-17 09:00:00,0.208072218983844
2026-03-17 10:00:00,0.026684123101911487
2026-03-17 11:00:00,0.047371864105540944
2026-03-17 12:00:00,0.03885909007580361
2026-03-17 13:00:00,0.058501987521699134
2026-03-17 14:00:00,0.03696196203186379
2026-03-17 15:00:00,0.02430414101363203
2026-03-17 16:00:00,0.04853621421275221
2026-03-17 17:00:00,0.023607260645830713
2026-03-17 18:00:00,0.20765113591173068
2026-03-17 19:00:00,0.1698608897840222
2026-03-17 20:00:00,0.23951460905613287
2026-03-17 21:00:00,0.27895733086264607
2026-03-17 22:00:00,0.036898472862584075
2026-03-17 23:00:00,0.02565485995307058
2026-03-18 00:00:00,0.0539258578349192
2026-03-18 01:00:00,0.002996386415000791
2026-03-18 02:00:00,0.002534697502500472
2026-03-18 03:00:00,0.004539946574245482
2026-03-18 04:00:00,0.0033436985822888217
2026-03-18 05:00:00,0.020405613874440762
2026-03-18 06:00:00,0.057075620648838046
2026-03-18 07:00:00,0.21282985234044616
2026-03-18 08:00:00,0.2769950714063769
2026-03-18 09:00:00,0.18843537561169352
2026-03-18 10:00:00,0.021641032857091198
2026-03-18 11:00:00,0.04871319995302595
2026-03-18 12:00:00,0.027044519520817656
2026-03-18 13:00:00,0.058534631905882664
2026-03-18 14:00:00,0.039740042239868184
2026-03-18 15:00:00,0.041522904743775874
2026-03-18 16:00:00,0.04187977584701447
2026-03-18 17:00:00,0.03264540965501134
2026-03-18 18:00:00,0.23861794398281477
2026-03-18 19:00:00,0.17712169190423696
2026-03-18 20:00:00,0.18939531839555446
2026-03-18 21:00:00,0.16139389484204697
2026-03-18 22:00:00,0.05291621335740075
2026-03-18 23:00:00,0.05305591670253473
2026-03-19 00:00:00,0.03249647721042895
2026-03-19 01:00:00,0.0026230959127589056
2026-03-19 02:00:00,0.00234389357784085
2026-03-19 03:00:00,0.004823137477261487
2026-03-19 04:00:00,0.004513943257364657
2026-03-19 05:00:00,0.051312868393805985
2026-03-19 06:00:00,0.056492776901355915
2026-03-19 07:00:00,0.27865008277167036
2026-03-19 08:00:00,0.22170038826495145
2026-03-19 09:00:00,0.24646816933648796
2026-03-19 10:00:00,0.04940808452851605
2026-03-19 11:00:00,0.025537106571722146
2026-03-19 12:00:00,0.039435335357924525
2026-03-19 13:00:00,0.05507530671555924
2026-03-19 14:00:00,0.02578101964227626
2026-03-19 15:00:00,0.04590412563382286
2026-03-19 16:00:00,0.02884854186994413
2026-03-19 17:00:00,0.04159362446453159
2026-03-19 18:00:00,0.2587988810335918
2026-03-19 19:00:00,0.19523674569539096
2026-03-19 20:00:00,0.23294986310220106
2026-03-19 21:00:00,0.26537499014974053
2026-03-19 22:00:00,0.04469822929422969
2026-03-19 23:00:00,0.05977557174649557
2026-03-20 00:00:00,0.045749208707289435
2026-03-20 01:00:00,0.0012146413560764008
2026-03-20 02:00:00,0.003679606299594729
2026-03-20 03:00:00,0.004961213784591193
2026-03-20 04:00:00,0.0028877399845655305
2026-03-20 05:00:00,0.058034030153916435
2026-03-20 06:00:00,0.04552421763028028
2026-03-20 07:00:00,0.27239472063767367
2026-03-20 08:00:00,0.257982183089316
2026-03-20 09:00:00,0.260290598885415
2026-03-20 10:00:00,0.02549652732314755
2026-03-20 11:00:00,0.03865437133511125
2026-03-20 12:00:00,0.04382164048286745
2026-03-20 13:00:00,0.029059596465795014
2026-03-20 14:00:00,0.05594754552629347
2026-03-20 15:00:00,0.04183124255862131
2026-03-20 16:00:00,0.058945957822639825
2026-03-20 17:00:00,0.05734140907418367
2026-03-20 18:00:00,0.2943014139852005
2026-03-20 19:00:00,0.1996285522269393
2026-03-20 20:00:00,0.1877569825491663
2026-03-20 21:00:00,0.24044919909991802
2026-03-20 22:00:00,0.023109823262325586
2026-03-20 23:00:00,0.03456029857106843
2026-03-21 00:00:00,0.04452924666072758
2026-03-21 01:00:00,0.000646870462948419
2026-03-21 02:00:00,0.0021205974572627946
2026-03-21 03:00:00,0.004979607813912323
2026-03-21 04:00:00,0.0012815489309923494
2026-03-21 05:00:00,0.024690737594344876
2026-03-21 06:00:00,0.05802759153684689
2026-03-21 07:00:00,0.2398741228685921
2026-03-21 08:00:00,0.2480099706330311
2026-03-21 09:00:00,0.21566403622224
2026-03-21 10:00:00,0.056350873748573754
2026-03-21 11:00:00,0.03896646044391809
2026-03-21 12:00:00,0.024768159563700088
2026-03-21 13:00:00,0.037986653461496614
2026-03-21 14:00:00,0.04580772989719306
2026-03-21 15:00:00,0.03012220877786719
2026-03-21 16:00:00,0.03824220429048518
2026-03-21 17:00:00,0.04920970436431518
2026-03-21 18:00:00,0.23634203231099832
2026-03-21 19:00:00,0.24409041344865562
2026-03-21 20:00:00,0.17073967587943742
2026-03-21 21:00:00,0.16915752218252755
2026-03-21 22:00:00,0.05413414544129788
2026-03-21 23:00:00,0.047538342532547184
2026-03-22 00:00:00,0.030173121066828807
2026-03-22 01:00:00,0.0006382065663308273
2026-03-22 02:00:00,0.0004896075526190219
2026-03-22 03:00:00,0.0038777853987945173
2026-03-22 04:00:00,0.0019218258177576225
2026-03-22 05:00:00,0.05600378802652424
2026-03-22 06:00:00,0.05671304881546348
2026-03-22 07:00:00,0.2565405147598147
2026-03-22 08:00:00,0.26288998689813603
2026-03-22 09:00:00,0.1532721739619763
2026-03-22 10:00:00,0.05413919604165007
2026-03-22 11:00:00,0.025076314964418995
2026-03-22 12:00:00,0.029830328530409782
2026-03-22 13:00:00,0.03121970843542514
2026-03-22 14:00:00,0.022452473514014918
2026-03-22 15:00:00,0.03375527456103449
2026-03-22 16:00:00,0.04228019087020565
2026-03-22 17:00:00,0.025788949735427204
2026-03-22 18:00:00,0.2476251981953558
2026-03-22 19:00:00,0.26159814370476253
2026-03-22 20:00:00,0.284934056294619
2026-03-22 21:00:00,0.2723520440865111
2026-03-22 22:00:00,0.04765082256460084
2026-03-22 23:00:00,0.0347832358539155
2026-03-23 00:00:00,0.04591014088652015
2026-03-23 01:00:00,0.0024827574926697487
2026-03-23 02:00:00,0.0002210357342106739
2026-03-23 03:00:00,0.0012940188244174962
2026-03-23 04:00:00,0.0006624753248429289
2026-03-23 05:00:00,0.05785555883276737
2026-03-23 06:00:00,0.023780267091463903
2026-03-23 07:00:00,0.20542595078470585
2026-03-23 08:00:00,0.2735383176991254
2026-03-23 09:00:00,0.1866864318322057
2026-03-23 10:00:00,0.021073623041948753
2026-03-23 11:00:00,0.022862510219088777
2026-03-23 12:00:00,0.025097577269394558
2026-03-23 13:00:00,0.04685166679690157
2026-03-23 14:00:00,0.04668398618278709
2026-03-23 15:00:00,0.02993860623915485
2026-03-23 16:00:00,0.059379757961331936
2026-03-23 17:00:00,0.02209819625224637
2026-03-23 18:00:00,0.19452986466512057
2026-03-23 19:00:00,0.21414197368835663
2026-03-23 20:00:00,0.15931677268103966
2026-03-23 21:00:00,0.15267924006335687
2026-03-23 22:00:00,0.05684248810619824
2026-03-23 23:00:00,0.028621258365793767
2026-03-24 00:00:00,0.08342899229164136
2026-03-24 01:00:00,0.04141781290834093
2026-03-24 02:00:00,0.044122524670804186
2026-03-24 03:00:00,0.04438261569604391
2026-03-24 04:00:00,0.04222554235905727
2026-03-24 05:00:00,0.07670460574482793
2026-03-24 06:00:00,0.06783375458240704
2026-03-24 07:00:00,0.2848285336241087
2026-03-24 08:00:00,0.33837430251878114
2026-03-24 09:00:00,0.25220755516715265
2026-03-24 10:00:00,0.09942207158577279
2026-03-24 11:00:00,0.08505898023286752
2026-03-24 12:00:00,0.07434778255865657
2026-03-24 13:00:00,0.08459306728972024
2026-03-24 14:00:00,0.09254935148858123
2026-03-24 15:00:00,0.09925439600779831
2026-03-24 16:00:00,0.07677406607150108
2026-03-24 17:00:00,0.0907224056850203
2026-03-24 18:00:00,0.32268411801377905
2026-03-24 19:00:00,0.2037029677122325
2026-03-24 20:00:00,0.29594625076062925
2026-03-24 21:00:00,0.29029970824636403
2026-03-24 22:00:00,0.07293931466030522
2026-03-24 23:00:00,0.073466267853233
2026-03-25 00:00:00,0.0971759270065774
2026-03-25 01:00:00,0.042551586440711525
2026-03-25 02:00:00,0.040078440806881215
2026-03-25 03:00:00,0.04383492845882742
2026-03-25 04:00:00,0.0409954167012241
2026-03-25 05:00:00,0.09227773215903454
2026-03-25 06:00:00,0.06139933226968046
2026-03-25 07:00:00,0.2999810686822419
2026-03-25 08:00:00,0.21133310037987732
2026-03-25 09:00:00,0.3278731562441061
2026-03-25 10:00:00,0.08622162979240622
2026-03-25 11:00:00,0.07614010541352044
2026-03-25 12:00:00,0.06926766818089605
2026-03-25 13:00:00,0.09098142517121038
2026-03-25 14:00:00,0.06178381390553703
2026-03-25 15:00:00,0.09919237752955493
2026-03-25 16:00:00,0.07444709696287452
2026-03-25 17:00:00,0.07381861485970392
2026-03-25 18:00:00,0.25352807458517457
2026-03-25 19:00:00,0.28192776058704466
2026-03-25 20:00:00,0.29527177036250923
2026-03-25 21:00:00,0.28063376605178164
2026-03-25 22:00:00,0.08092779655607221
2026-03-25 23:00:00,0.06744223146599643
2026-03-26 00:00:00,0.0648180951514701
2026-03-26 01:00:00,0.04491165432016116
2026-03-26 02:00:00,0.04107121560443571
2026-03-26 03:00:00,0.04280656393745559
2026-03-26 04:00:00,0.04439062161600898
2026-03-26 05:00:00,0.07369544733445826
2026-03-26 06:00:00,0.06162944407602103
2026-03-26 07:00:00,0.19937972535622192
2026-03-26 08:00:00,0.31216916133797307
2026-03-26 09:00:00,0.19306286106437578
2026-03-26 10:00:00,0.06218339076265311
2026-03-26 11:00:00,0.0800130144583042
2026-03-26 12:00:00,0.07720381526007494
2026-03-26 13:00:00,0.06883827066646855
2026-03-26 14:00:00,0.09525653770233819
2026-03-26 15:00:00,0.07028040356419553
2026-03-26 16:00:00,0.062494364697517325
2026-03-26 17:00:00,0.09929771282862909
2026-03-26 18:00:00,0.2933489604061256
2026-03-26 19:00:00,0.30063845794548966
2026-03-26 20:00:00,0.24292949558885937
2026-03-26 21:00:00,0.23910297424013036
2026-03-26 22:00:00,0.07389180682854948
2026-03-26 23:00:00,0.08871017394486333
2026-03-27 00:00:00,0.07780806115538219
2026-03-27 01:00:00,0.04096671027060661
2026-03-27 02:00:00,0.040159240725936025
2026-03-27 03:00:00,0.0434811221851824
2026-03-27 04:00:00,0.04021710921214468
2026-03-27 05:00:00,0.08004581602466856
2026-03-27 06:00:00,0.06713743602296884
2026-03-27 07:00:00,0.2084044872061387
2026-03-27 08:00:00,0.2142656166566255
2026-03-27 09:00:00,0.22282067689095056
2026-03-27 10:00:00,0.08384228649081774
2026-03-27 11:00:00,0.09434259871026529
2026-03-27 12:00:00,0.06750059311145325
2026-03-27 13:00:00,0.06898700863827778
2026-03-27 14:00:00,0.06384717912803686
2026-03-27 15:00:00,0.0988892332757472
2026-03-27 16:00:00,0.07402666313660394
2026-03-27 17:00:00,0.06489873897230367
2026-03-27 18:00:00,0.22494712539924064
2026-03-27 19:00:00,0.2567708114135443
2026-03-27 20:00:00,0.31086452856868363
2026-03-27 21:00:00,0.2997645620412046
2026-03-27 22:00:00,0.07227879613867544
2026-03-27 23:00:00,0.08387282274589983
2026-03-28 00:00:00,0.08814911765677899
2026-03-28 01:00:00,0.04380952253433538
2026-03-28 02:00:00,0.04495997130773234
2026-03-28 03:00:00,0.04061832721230745
2026-03-28 04:00:00,0.04437941896415637
2026-03-28 05:00:00,0.08511978510976415
2026-03-28 06:00:00,0.08887981798097555
2026-03-28 07:00:00,0.3194628358274045
2026-03-28 08:00:00,0.24349802434485418
2026-03-28 09:00:00,0.2680110436400766
2026-03-28 10:00:00,0.08305325063313258
2026-03-28 11:00:00,0.06467457310580624
2026-03-28 12:00:00,0.08822120547896783
2026-03-28 13:00:00,0.06704019056016211
2026-03-28 14:00:00,0.07529745691969425
2026-03-28 15:00:00,0.07206859542320836
2026-03-28 16:00:00,0.06624875594344595
2026-03-28 17:00:00,0.0836274346493934
2026-03-28 18:00:00,0.21013427989642455
2026-03-28 19:00:00,0.3085087147842099
2026-03-28 20:00:00,0.3192060682861804
2026-03-28 21:00:00,0.2993816780827589
2026-03-28 22:00:00,0.08662133078748749
2026-03-28 23:00:00,0.08173571516295611
2026-03-29 00:00:00,0.0936773449309728
2026-03-29 01:00:00,0.0439012000229124
2026-03-29 02:00:00,0.04271654660324698
2026-03-29 03:00:00,0.04413120857196011
2026-03-29 04:00:00,0.04214234791842882
2026-03-29 05:00:00,0.06862038637423858
2026-03-29 06:00:00,0.08095214985938784
2026-03-29 07:00:00,0.2911060739617514
2026-03-29 08:00:00,0.31270435815926295
2026-03-29 09:00:00,0.3164260287314574
2026-03-29 10:00:00,0.06864780696423853
2026-03-29 11:00:00,0.06026222055796281
2026-03-29 12:00:00,0.07057707368192656
2026-03-29 13:00:00,0.09080220449705997
2026-03-29 14:00:00,0.08058506375726845
2026-03-29 15:00:00,0.07911143015130698
2026-03-29 16:00:00,0.06720183644931743
2026-03-29 17:00:00,0.061276751911494565
2026-03-29 18:00:00,0.2723743311636614
2026-03-29 19:00:00,0.20787401894857022
2026-03-29 20:00:00,0.30552847704062464
2026-03-29 21:00:00,0.30114321652186804
2026-03-29 22:00:00,0.07583441439142255
2026-03-29 23:00:00,0.06391709792217974
2026-03-30 00:00:00,0.09753487238446701
2026-03-30 01:00:00,0.04298894998014781
2026-03-30 02:00:00,0.043898505686965135
2026-03-30 03:00:00,0.040382437546148627
2026-03-30 04:00:00,0.0445247360922267
2026-03-30 05:00:00,0.08543888886266275
2026-03-30 06:00:00,0.07920906672764319
2026-03-30 07:00:00,0.31241110237002406
2026-03-30 08:00:00,0.23784138100864724
2026-03-30 09:00:00,0.275026990985035
2026-03-30 10:00:00,0.08512957409424088
2026-03-30 11:00:00,0.07447539756360241
2026-03-30 12:00:00,0.09620691798400705
2026-03-30 13:00:00,0.08516179812151106
2026-03-30 14:00:00,0.07627331818612765
2026-03-30 15:00:00,0.08068678352493383
2026-03-30 16:00:00,0.06472417184493262
2026-03-30 17:00:00,0.08694483009501675
2026-03-30 18:00:00,0.2618109291973505
2026-03-30 19:00:00,0.28207903807788165
2026-03-30 20:00:00,0.25218863060680224
2026-03-30 21:00:00,0.280809961061846
2026-03-30 22:00:00,0.0817577692081004
2026-03-30 23:00:00,0.07379243930329538
2026-03-31 00:00:00,0.07848357373408885
2026-03-31 01:00:00,0.04180891486923329
2026-03-31 02:00:00,0.040186043719518824
2026-03-31 03:00:00,0.041729056663763094
2026-03-31 04:00:00,0.04480480137115695
2026-03-31 05:00:00,0.08297021006649008
2026-03-31 06:00:00,0.0848651311501048
2026-03-31 07:00:00,0.26383730169135267
2026-03-31 08:00:00,0.2326769895773608
2026-03-31 09:00:00,0.24202627885483552
2026-03-31 10:00:00,0.09235233774175963
2026-03-31 11:00:00,0.07114993160666583
2026-03-31 12:00:00,0.07840097612282265
2026-03-31 13:00:00,0.09857162355875074
2026-03-31 14:00:00,0.07315726726104989
2026-03-31 15:00:00,0.06677861161248208
2026-03-31 16:00:00,0.06604225460561704
2026-03-31 17:00:00,0.09934826807230146
2026-03-31 18:00:00,0.26684429843378055
2026-03-31 19:00:00,0.23176626040336717
2026-03-31 20:00:00,0.20586636043023235
2026-03-31 21:00:00,0.2341967308152115
2026-03-31 22:00:00,0.08885672223297808
2026-03-31 23:00:00,0.08756216887324778
